Time,Height,P,T,RH,WS,WD
0.2,99.47,1018.201328,16.69,72.5,1.3333333333333333,212.22
0.9,95.39,1018.00625,16.65,72.1,6.997222222222222,102.10000000000002
2.0,101.23,1017.209218,16.61,71.9,9.38888888888889,92.73000000000002
2.9,107.6,1016.199062,16.57,71.8,5.088888888888889,91.62
4.0,104.25,1015.650468,16.53,71.8,2.7722222222222226,84.30000000000001
4.9,111.03,1015.147968,16.49,71.8,6.383333333333334,354.41999999999996
5.9,112.28,1014.467656,16.44,71.8,7.305555555555555,358.99
6.9,115.78,1013.681093,16.4,71.9,4.677777777777778,356.51
7.9,118.04,1013.196093,16.37,72.1,2.4222222222222225,324.16999999999996
8.9,118.35,1012.675625,16.32,72.2,6.136111111111111,267.26
9.9,123.74,1012.149609,16.29,72.2,6.586111111111111,193.32
10.9,128.88,1011.58875,16.26,72.3,4.194444444444445,186.04
11.9,136.08,1011.224218,16.23,72.5,1.6444444444444446,185.69
12.9,139.35,1010.942187,16.21,72.6,2.6222222222222222,300.04
14.0,143.34,1009.86664,16.14,72.3,4.097222222222222,28.72999999999999
14.9,148.6,1009.160859,16.09,72.2,2.780555555555556,29.0
15.9,156.58,1008.543125,16.05,72.4,1.4805555555555554,29.0
16.9,163.71,1007.921718,16.0,72.7,4.377777777777778,114.27999999999997
17.9,168.05,1007.563906,15.95,72.6,9.041666666666664,117.50999999999999
19.0,175.55,1006.7375,15.9,72.6,10.708333333333334,104.23000000000002
19.9,182.42,1006.059687,15.85,72.7,10.305555555555555,109.25999999999999
20.9,187.71,1005.404062,15.81,72.6,7.375,111.57999999999998
21.9,188.97,1004.87539,15.75,72.8,4.027777777777778,61.639999999999986
22.9,189.42,1004.424453,15.72,73.0,1.4638888888888888,61.150000000000006
24.0,190.04,1003.813906,15.67,73.1,3.7777777777777777,33.56999999999999
24.9,195.32,1003.2375,15.63,73.2,5.213888888888889,77.04000000000002
25.9,200.47,1002.755781,15.6,73.3,8.802777777777777,109.00999999999999
26.9,204.56,1002.18,15.55,73.4,10.269444444444444,123.85000000000002
27.9,209.64,1001.58,15.5,73.5,8.091666666666667,142.12
28.9,219.94,1000.790234,15.46,73.7,5.022222222222222,142.89
29.9,232.09,1000.182031,15.39,73.8,3.558333333333333,94.18
30.9,243.96,999.6225,15.36,73.9,6.897222222222222,63.31
31.9,247.73,999.080937,15.32,74.1,9.05,75.80000000000001
33.0,253.78,998.577968,15.29,74.3,8.802777777777777,78.68
33.9,254.46,998.158515,15.23,74.4,10.16388888888889,99.08999999999997
35.0,257.47,997.477421,15.19,74.5,8.8,113.06
35.9,268.29,996.848359,15.14,74.5,5.808333333333334,112.0
36.9,274.64,996.285625,15.1,74.6,4.1,111.99000000000001
38.0,279.07,995.59,15.06,74.7,4.080555555555556,85.38999999999999
38.9,286.59,994.989296,14.99,74.9,6.788888888888889,84.88
40.0,293.87,994.441796,14.96,75.0,9.727777777777778,95.39999999999998
40.9,289.6,993.741484,14.9,75.2,8.280555555555555,112.56
42.9,295.22,992.526953,14.83,75.4,6.055555555555555,104.92000000000002
44.0,296.27,991.851718,14.75,75.6,4.483333333333333,92.25999999999999
44.9,300.32,991.266093,14.71,75.9,7.402777777777778,72.00999999999999
45.9,305.69,990.690781,14.66,76.1,7.902777777777778,86.26999999999998
46.9,309.07,989.930468,14.62,76.3,8.15,93.57999999999998
47.9,315.9,989.296875,14.57,76.4,9.233333333333333,110.54000000000002
48.9,317.01,988.756718,14.52,76.6,7.138888888888888,130.25
49.9,320.87,988.158125,14.48,76.6,7.363888888888889,123.22000000000003
50.9,326.97,987.531718,14.45,76.9,3.930555555555556,122.91000000000003
51.9,329.16,986.901093,14.4,77.0,3.8833333333333333,112.76999999999998
52.9,332.24,986.256406,14.35,77.1,6.511111111111111,78.32
53.9,336.79,985.785,14.31,77.2,7.413888888888889,66.28
54.9,340.67,985.146875,14.28,77.3,8.555555555555555,78.94999999999999
55.9,346.83,984.333125,14.22,77.4,8.063888888888888,93.44
57.0,351.3,983.761875,14.17,77.6,8.180555555555555,123.04000000000002
57.9,358.35,983.169218,14.13,77.7,8.533333333333333,116.26999999999998
58.9,364.52,982.438203,14.07,77.8,6.838888888888889,116.61000000000001
59.9,372.35,981.727968,14.03,78.1,4.691666666666666,84.39999999999998
60.9,375.57,981.387656,13.98,78.2,6.8,72.35
61.9,378.5,980.749843,13.93,78.4,6.280555555555555,71.91
62.9,383.57,980.067734,13.88,78.5,9.052777777777779,79.77999999999997
63.9,386.71,979.548984,13.85,78.6,9.905555555555557,96.32999999999998
64.9,386.39,978.992421,13.81,78.7,10.044444444444444,92.79000000000002
66.1,389.84,978.411328,13.75,78.9,9.091666666666665,104.32
66.9,395.43,977.82875,13.71,79.0,6.780555555555555,109.82999999999998
67.9,407.24,977.061015,13.66,79.2,6.680555555555555,87.17000000000002
68.9,417.79,976.402578,13.6,79.3,6.819444444444445,83.05000000000001
70.0,422.2,975.682734,13.56,79.5,7.652777777777778,68.09
70.9,431.62,974.856875,13.51,79.7,9.377777777777776,74.41
71.9,437.44,974.336093,13.44,79.8,7.377777777777778,82.43
73.9,450.8,972.644218,13.32,80.2,8.58611111111111,82.17000000000002
74.9,456.56,972.106562,13.28,80.4,8.872222222222224,74.09
75.9,462.69,971.550781,13.25,80.6,10.977777777777778,81.74000000000001
76.9,465.31,970.796406,13.19,80.8,9.033333333333335,91.67000000000002
77.9,472.95,970.011406,13.13,81.1,8.383333333333333,91.22000000000003
78.9,478.29,969.290156,13.08,81.3,7.188888888888888,105.19999999999999
80.0,483.93,968.439843,13.02,81.5,4.666666666666667,101.08999999999997
80.9,490.99,967.915546,12.98,81.7,5.988888888888889,77.0
82.0,497.38,967.103906,12.93,82.1,6.291666666666667,75.43
82.9,505.99,966.16875,12.86,82.2,9.194444444444445,67.16999999999999
83.9,512.73,965.680781,12.81,82.4,10.019444444444444,79.63
84.9,518.0,964.962343,12.78,82.6,10.494444444444444,77.02999999999997
85.9,523.86,964.06664,12.72,82.8,9.191666666666666,88.13999999999999
86.9,529.7,963.407031,12.64,83.0,6.677777777777778,84.56
87.9,534.21,962.626875,12.59,83.3,7.041666666666667,88.51999999999998
88.9,539.89,961.643359,12.52,83.5,4.983333333333333,85.38
89.9,549.34,960.930312,12.45,83.7,7.722222222222222,67.59
90.9,556.55,960.424609,12.4,83.9,7.35,71.91
91.9,562.03,959.492031,12.35,84.1,8.891666666666664,70.80000000000001
92.9,568.73,958.843125,12.28,84.4,11.275,86.88
93.9,574.54,957.885156,12.22,84.5,10.291666666666666,97.54000000000002
94.9,581.68,956.841093,12.15,84.8,8.902777777777777,95.19999999999999
95.9,590.73,955.997812,12.09,85.0,9.083333333333336,87.77999999999997
96.9,597.94,955.552031,12.03,85.2,7.930555555555555,88.67000000000002
97.9,602.72,954.92164,11.98,85.4,8.311111111111112,70.72
98.9,608.16,954.094921,11.92,85.6,9.544444444444444,73.72
100.0,613.98,953.413593,11.88,85.8,10.93611111111111,64.38999999999999
101.9,621.89,952.294453,11.78,86.2,11.325,64.80000000000001
102.9,626.55,951.602578,11.74,86.4,10.647222222222222,54.80000000000001
103.9,632.05,951.079062,11.68,86.6,8.85,48.99000000000001
104.9,637.63,950.533125,11.63,86.8,7.097222222222222,49.120000000000005
105.9,642.36,949.783437,11.6,87.0,6.4,50.81
106.9,648.77,948.96625,11.53,87.2,7.438888888888888,63.50999999999999
107.9,657.11,948.102265,11.46,87.4,9.222222222222223,81.58999999999997
109.0,664.98,947.673359,11.4,87.6,9.527777777777777,85.30000000000001
109.9,668.89,947.168593,11.37,87.8,11.425,81.51999999999998
111.0,672.98,946.559062,11.33,88.0,11.472222222222223,86.01999999999998
111.9,676.97,945.972031,11.29,88.2,9.68888888888889,75.69999999999999
112.9,681.91,945.195312,11.24,88.4,9.816666666666666,78.88
113.9,687.71,944.266406,11.18,88.6,10.31111111111111,91.48000000000002
114.9,697.04,943.454296,11.11,88.8,10.333333333333334,93.0
115.9,702.45,942.73875,11.06,89.0,10.852777777777778,80.88999999999999
116.9,708.69,942.043437,11.01,89.2,12.777777777777777,75.52000000000001
117.9,714.61,941.328125,10.95,89.5,12.43611111111111,68.36000000000001
118.9,721.35,940.656562,10.91,89.7,14.277777777777777,62.900000000000006
119.9,727.73,939.905,10.86,89.9,12.541666666666666,46.25
120.9,733.45,939.286406,10.8,90.1,12.997222222222224,49.27000000000001
121.9,738.75,938.76375,10.76,90.2,12.61111111111111,51.08000000000001
122.9,743.78,938.088906,10.72,90.3,12.2,58.43000000000001
123.9,749.5,937.460312,10.67,90.5,12.113888888888889,65.52000000000001
124.9,754.86,936.647109,10.61,90.7,12.06388888888889,76.83999999999997
125.9,761.53,936.024218,10.57,90.9,9.78888888888889,82.74000000000001
126.9,767.92,935.32125,10.51,91.1,9.41111111111111,81.38
127.9,776.55,934.513125,10.47,91.3,8.027777777777779,82.44999999999999
128.9,782.61,933.704609,10.41,91.1,8.147222222222222,61.24000000000001
129.9,790.35,932.843828,10.34,90.6,9.958333333333334,59.139999999999986
130.9,797.43,932.222343,10.3,90.3,10.28611111111111,58.139999999999986
131.9,801.07,931.592734,10.26,90.1,12.155555555555557,61.43000000000001
132.9,807.8,930.803046,10.2,89.8,10.116666666666667,68.49000000000001
133.9,814.84,930.117187,10.14,89.8,9.397222222222222,65.37
134.9,822.01,929.336875,10.08,89.6,8.027777777777779,71.69
135.9,828.27,928.538046,10.03,89.4,7.361111111111112,55.22999999999999
136.9,833.8,927.69914,9.99,89.4,9.43611111111111,58.31
137.9,840.51,926.829921,9.92,89.3,8.744444444444444,52.71000000000001
138.9,847.93,925.994843,9.86,89.2,9.627777777777776,60.50999999999999
139.9,855.01,925.425,9.81,89.1,8.369444444444445,57.389999999999986
140.9,861.45,924.768203,9.76,89.1,9.494444444444444,57.31
141.9,867.2,923.849218,9.71,89.2,8.863888888888889,54.02000000000001
142.9,873.59,923.244765,9.66,89.4,11.652777777777777,52.120000000000005
143.9,879.54,922.342812,9.61,89.5,10.227777777777778,56.879999999999995
144.9,886.71,921.531875,9.55,89.5,12.094444444444443,53.849999999999994
145.9,894.66,920.871093,9.52,89.4,10.31111111111111,62.03
147.9,906.42,919.457968,9.42,89.5,9.641666666666667,56.889999999999986
148.9,912.73,918.870468,9.37,89.6,9.655555555555557,42.46000000000001
149.9,919.73,918.264375,9.34,89.7,10.047222222222222,61.30000000000001
150.9,926.02,917.456718,9.3,89.7,11.216666666666667,50.21000000000001
151.9,933.48,916.929218,9.26,89.9,12.805555555555555,60.849999999999994
152.9,938.28,916.16375,9.22,90.0,11.183333333333334,64.02000000000001
153.9,945.36,915.260781,9.16,90.1,10.905555555555557,69.94999999999999
154.9,952.91,914.837109,9.12,90.3,7.858333333333333,68.28999999999999
155.9,956.9,914.079531,9.08,90.3,9.53888888888889,71.27000000000001
157.9,968.68,912.727187,8.99,90.3,10.258333333333333,53.55000000000001
159.9,981.32,911.220937,8.88,90.3,11.469444444444443,62.28
160.9,988.08,910.250312,8.83,90.3,10.330555555555556,61.120000000000005
161.9,996.1,909.716875,8.79,90.4,11.766666666666667,64.28999999999999
163.9,1010.53,908.115625,8.66,90.7,10.45,55.96000000000001
164.9,1017.34,907.612265,8.62,90.9,9.2,62.389999999999986
165.9,1021.6,906.824687,8.56,91.1,8.119444444444445,55.56
168.0,1035.17,905.566328,8.45,91.6,10.516666666666667,58.03
169.0,1040.3,904.838828,8.39,91.8,10.98611111111111,47.66
169.9,1045.74,904.162812,8.35,91.9,12.46111111111111,40.900000000000006
170.9,1050.56,903.579843,8.3,92.1,9.175,39.22
171.9,1055.52,902.808437,8.27,92.2,9.816666666666666,31.860000000000014
172.9,1061.73,902.156718,8.21,92.4,8.136111111111111,44.389999999999986
173.9,1067.54,901.565859,8.18,92.4,6.911111111111111,45.80000000000001
174.9,1073.53,900.899453,8.12,92.5,8.180555555555555,48.400000000000006
175.9,1080.93,900.132734,8.08,92.7,8.375,52.599999999999994
176.9,1087.55,899.4557030000001,8.01,92.8,10.51388888888889,41.879999999999995
177.9,1092.21,898.888359,7.97,93.0,11.525,45.75999999999999
178.9,1098.32,898.2225780000001,7.91,93.2,9.988888888888889,34.599999999999994
179.9,1104.43,897.52164,7.88,93.3,9.991666666666667,36.93000000000001
180.9,1111.46,896.749375,7.82,93.5,7.397222222222222,36.629999999999995
181.9,1119.92,895.992031,7.77,93.7,8.447222222222221,46.97
182.9,1127.65,895.419218,7.73,93.9,8.375,57.06999999999999
183.9,1134.03,894.8725,7.67,94.1,10.108333333333333,50.53
184.9,1140.11,894.125937,7.62,94.4,9.505555555555556,47.58000000000001
185.9,1145.56,893.444062,7.56,94.6,10.058333333333334,33.02000000000001
186.9,1150.45,892.93375,7.52,94.8,9.099999999999998,41.58000000000001
187.9,1155.26,892.320156,7.47,95.0,7.669444444444445,31.22
188.9,1160.81,891.673046,7.44,95.2,7.761111111111111,50.129999999999995
189.9,1165.91,891.08,7.38,95.4,6.711111111111111,53.5
190.9,1171.46,890.411875,7.34,95.5,8.758333333333333,62.16999999999999
191.9,1177.47,889.768593,7.3,95.5,9.16111111111111,65.91999999999999
192.9,1183.4,888.8871869999999,7.25,95.5,11.805555555555555,61.81999999999999
193.9,1192.65,888.065468,7.21,95.5,11.144444444444444,47.599999999999994
194.9,1199.7,887.486406,7.17,95.4,12.072222222222223,45.129999999999995
196.0,1206.39,886.64164,7.14,95.4,10.01388888888889,36.03
196.9,1214.07,885.929218,7.07,95.4,10.405555555555557,43.610000000000014
197.9,1221.56,885.137968,7.03,95.4,9.291666666666666,41.21000000000001
198.9,1229.26,884.2235929999999,6.97,95.3,10.966666666666667,47.28999999999999
199.9,1237.65,883.7542179999999,6.94,95.2,10.4,50.599999999999994
200.9,1241.74,883.00375,6.92,95.0,10.858333333333333,39.94999999999999
201.9,1248.44,882.351718,6.89,94.7,9.580555555555556,35.30000000000001
202.9,1253.97,881.72375,6.85,94.5,8.577777777777778,20.310000000000002
204.0,1259.62,881.050781,6.82,94.3,7.902777777777778,21.909999999999997
205.9,1272.45,879.6371869999999,6.77,93.9,6.805555555555555,37.349999999999994
206.9,1280.19,879.029375,6.73,93.8,7.022222222222222,32.47
207.9,1287.07,878.359687,6.68,93.7,8.802777777777777,37.80000000000001
208.9,1292.71,877.70664,6.66,93.6,8.155555555555555,35.389999999999986
209.9,1299.32,876.982421,6.61,93.5,9.030555555555555,49.75
210.9,1306.07,876.2614840000001,6.58,93.4,6.438888888888888,54.94
211.9,1313.41,875.6504679999999,6.55,93.2,6.097222222222222,56.16
212.9,1320.6,875.157343,6.51,93.1,4.108333333333333,56.59
213.9,1325.35,874.652734,6.5,93.0,4.480555555555555,50.97
214.9,1331.16,873.837656,6.47,93.0,4.894444444444445,3.680000000000007
215.9,1338.85,873.35125,6.43,92.9,8.333333333333334,356.33000000000004
216.9,1346.7,872.8226559999999,6.41,92.6,8.375,9.02000000000001
217.9,1354.55,872.043359,6.37,92.4,10.169444444444444,9.52000000000001
218.9,1359.17,871.48,6.34,92.2,11.558333333333334,19.77000000000001
219.9,1365.4,871.0979679999999,6.32,91.9,10.319444444444445,29.53
220.9,1370.36,870.378437,6.3,91.7,9.152777777777777,33.03999999999999
223.2,1378.89,868.9285150000001,6.21,91.2,8.366666666666667,18.039999999999992
223.9,1383.82,868.3323429999999,6.19,91.0,7.522222222222222,9.590000000000003
224.9,1388.71,867.8313280000001,6.16,90.8,8.158333333333333,13.050000000000011
225.9,1393.61,867.16875,6.15,90.6,7.294444444444445,24.189999999999998
226.9,1398.0,866.5025,6.13,90.5,6.711111111111111,24.22
227.9,1402.09,865.943906,6.09,90.3,6.191666666666666,32.05000000000001
228.9,1407.29,865.361171,6.08,90.1,6.633333333333334,31.099999999999994
229.9,1412.1,864.639375,6.06,89.4,7.033333333333333,19.19999999999999
230.9,1418.27,864.0977340000001,6.04,88.8,8.05,3.569999999999993
231.9,1424.29,863.639687,6.05,88.3,10.738888888888889,8.900000000000006
233.9,1436.17,862.408125,6.03,87.3,11.547222222222222,20.389999999999986
234.9,1441.17,861.9054679999999,6.02,86.9,9.78611111111111,21.360000000000014
235.9,1446.17,861.1145309999999,6.03,86.4,8.122222222222222,33.56999999999999
236.9,1451.62,860.382656,6.04,86.0,6.077777777777778,20.430000000000007
237.9,1459.04,859.82625,6.04,85.9,4.788888888888889,20.210000000000008
238.9,1464.15,859.362812,6.05,85.2,5.477777777777778,18.72999999999999
239.9,1469.46,858.8004679999999,6.06,83.9,6.919444444444445,357.93
240.9,1475.33,858.097109,6.08,81.6,10.466666666666667,1.1800000000000068
241.9,1483.24,857.3745309999999,6.11,79.2,11.366666666666667,4.150000000000006
243.9,1496.94,856.60625,6.13,76.0,13.31388888888889,13.210000000000008
244.9,1500.52,855.982656,6.14,76.8,14.441666666666666,19.069999999999993
245.9,1506.88,855.3267179999999,6.18,78.7,13.158333333333333,23.80000000000001
246.9,1512.27,854.787812,6.18,80.4,10.180555555555555,31.610000000000014
247.9,1520.95,854.0257809999999,6.21,81.7,8.036111111111111,32.71000000000001
249.9,1530.85,852.873437,6.22,83.6,8.252777777777778,11.900000000000006
250.9,1535.93,852.3403119999999,6.23,84.2,9.33611111111111,0.75
252.9,1545.89,851.303125,6.23,85.4,11.925,9.069999999999993
253.9,1551.58,850.684843,6.26,85.9,11.58611111111111,17.659999999999997
254.9,1555.51,850.196484,6.24,86.3,11.18611111111111,16.75
255.9,1559.85,849.599531,6.24,86.6,9.675,18.819999999999993
256.9,1565.04,848.908125,6.23,86.8,10.369444444444444,4.77000000000001
257.9,1570.73,848.3964840000001,6.22,87.1,9.344444444444443,4.199999999999989
258.9,1575.85,847.63,6.21,87.3,12.375,358.02
259.9,1583.12,847.094375,6.19,87.4,12.261111111111111,4.259999999999991
260.9,1589.5,846.388906,6.18,87.6,13.927777777777777,5.8300000000000125
261.9,1597.5,845.64875,6.17,87.7,12.56388888888889,7.180000000000007
262.9,1604.62,844.953593,6.16,87.8,12.897222222222222,2.990000000000009
264.9,1617.2,843.9525,6.11,88.0,11.955555555555556,0.28000000000000114
266.9,1629.41,842.4582809999999,6.06,88.2,12.291666666666666,5.800000000000011
268.9,1639.86,841.266015,6.01,88.5,10.858333333333333,8.580000000000013
269.9,1646.1,840.493906,5.97,88.7,11.008333333333333,353.34000000000003
270.9,1650.75,840.092187,5.97,88.9,12.755555555555556,353.27
271.9,1657.23,839.335625,5.94,89.0,12.241666666666667,348.73
272.9,1663.15,838.736875,5.92,89.0,13.93611111111111,351.97
273.9,1668.7,838.1896869999999,5.9,89.0,11.975,357.90999999999997
274.9,1673.81,837.441171,5.89,89.0,12.422222222222222,354.94
275.9,1680.25,836.685,5.89,89.1,10.033333333333333,351.96000000000004
276.9,1687.5,836.1249210000001,5.89,89.4,11.044444444444444,340.56
277.9,1692.14,835.653125,5.88,89.6,10.316666666666666,348.98
278.9,1697.23,834.986171,5.88,89.9,11.980555555555556,342.2
280.3,1704.64,834.4290619999999,5.88,90.1,12.55,354.69
280.9,1710.59,833.732421,5.89,90.3,12.605555555555556,355.53
281.9,1717.84,833.035,5.88,90.5,12.275,5.569999999999993
282.9,1724.65,832.378281,5.87,90.6,10.822222222222223,358.32
283.9,1731.8,831.8279679999999,5.87,90.8,10.55,359.91999999999996
284.9,1739.18,831.226093,5.88,90.9,9.916666666666666,347.64
285.9,1745.66,830.595,5.87,90.9,11.830555555555556,349.28
286.9,1752.71,830.061875,5.87,91.0,12.21111111111111,349.11
288.9,1766.54,828.6754679999999,5.89,88.1,11.647222222222222,358.53
289.9,1772.06,827.973281,5.93,83.9,11.208333333333334,353.95
290.9,1779.81,827.222109,6.0,79.2,10.302777777777777,354.86
291.9,1787.7,826.676406,6.07,74.7,9.375,341.49
292.9,1792.87,826.2203119999999,6.11,70.7,10.847222222222223,339.95
293.9,1797.49,825.40875,6.18,66.9,9.269444444444444,351.69
294.9,1805.51,824.671875,6.28,63.6,9.11111111111111,344.24
295.9,1811.81,824.248906,6.34,60.8,8.808333333333334,348.87
296.9,1816.57,823.694062,6.42,58.5,7.947222222222222,357.03
297.9,1822.05,822.919843,6.5,56.5,8.105555555555556,339.52
298.9,1829.17,822.112031,6.61,55.3,10.222222222222223,338.13
299.9,1837.53,821.494843,6.72,54.1,10.341666666666667,327.4
300.9,1843.37,820.937187,6.8,53.3,11.572222222222223,323.55
301.9,1849.7,820.1754679999999,6.88,52.7,11.297222222222222,312.74
302.9,1856.93,819.379531,6.98,52.3,7.047222222222222,314.96000000000004
303.9,1864.04,818.933281,7.08,52.1,6.919444444444445,318.2
304.9,1867.36,818.259531,7.17,52.1,5.188888888888888,326.43
305.9,1873.89,817.452031,7.24,52.1,6.177777777777778,321.6
306.9,1879.92,816.805937,7.34,52.6,5.372222222222222,308.4
307.9,1887.07,816.35875,7.41,53.2,5.930555555555555,315.03999999999996
308.9,1892.77,815.631484,7.49,53.7,6.763888888888888,312.07
309.9,1898.82,814.9164840000001,7.56,54.2,6.05,323.19
311.9,1914.78,813.58789,7.7,56.8,3.488888888888889,341.61
312.9,1924.22,812.984375,7.78,57.8,3.944444444444444,291.5
313.9,1928.46,812.490156,7.83,58.9,5.019444444444445,292.99
315.9,1942.64,811.215156,7.94,60.9,7.188888888888888,301.61
316.9,1947.7,810.8357030000001,7.99,61.7,8.377777777777778,308.11
317.9,1952.36,810.211093,8.04,62.7,7.686111111111112,318.71000000000004
318.9,1958.6,809.5963280000001,8.07,63.7,6.172222222222222,302.29
319.9,1964.11,808.898984,8.13,64.5,6.691666666666666,299.59000000000003
320.9,1971.28,808.333593,8.18,65.1,7.177777777777778,297.1
321.9,1977.96,807.718125,8.21,65.6,7.725,290.08
323.9,1990.74,806.319531,8.28,66.3,6.938888888888888,313.02
324.9,1997.27,805.763437,8.29,66.5,6.8694444444444445,308.09000000000003
325.9,2003.03,805.093906,8.31,66.6,6.588888888888889,314.81
326.9,2009.72,804.292343,8.33,66.6,5.980555555555555,294.09000000000003
327.9,2017.47,803.6059369999999,8.35,66.6,8.352777777777778,283.51
329.9,2027.62,802.575625,8.36,66.9,7.894444444444445,296.57
330.9,2033.34,801.928437,8.34,67.0,10.925,300.06
331.9,2040.84,801.405937,8.35,67.1,11.741666666666667,311.93
332.9,2047.44,800.7309369999999,8.35,67.1,10.991666666666667,306.12
333.9,2053.77,800.04,8.34,67.1,11.080555555555556,303.95
334.9,2062.05,799.287968,8.33,67.2,9.244444444444444,289.62
335.9,2069.27,798.810234,8.31,67.6,8.605555555555556,275.8
337.1,2072.21,798.443906,8.31,68.0,8.147222222222222,259.19
337.9,2075.68,797.813437,8.3,68.3,7.908333333333333,255.6
340.9,2092.58,796.2882030000001,8.27,68.7,9.58888888888889,271.59000000000003
342.9,2104.01,795.1375,8.25,69.9,9.080555555555554,287.79
343.9,2108.47,794.6621090000001,8.22,70.4,8.725,287.59000000000003
345.9,2120.77,793.324296,8.19,71.7,6.444444444444445,254.26
346.9,2126.19,792.9577340000001,8.16,72.3,8.722222222222223,253.66
347.9,2130.17,792.4829679999999,8.16,73.0,7.6194444444444445,247.06
348.9,2133.77,791.86125,8.14,73.6,10.244444444444444,259.44
349.9,2139.66,791.376093,8.11,74.3,11.522222222222222,273.87
350.9,2144.3,790.8882030000001,8.1,74.9,9.694444444444445,282.42
351.9,2151.42,790.228125,8.09,75.6,10.425,274.26
353.9,2166.26,788.714218,8.04,76.9,10.33611111111111,254.04000000000002
354.9,2172.43,788.4182030000001,8.01,77.5,10.51388888888889,256.40999999999997
355.9,2177.96,787.8423429999999,8.0,78.1,10.005555555555556,254.4
356.9,2184.81,787.194375,7.97,78.6,13.144444444444444,261.69
358.9,2196.12,786.237656,7.94,79.6,12.41388888888889,269.35
359.9,2202.33,785.461718,7.92,80.2,12.56388888888889,269.36
361.9,2216.15,784.338671,7.9,81.6,9.969444444444443,256.18
362.9,2220.51,783.976406,7.88,82.2,11.136111111111111,258.39
363.9,2225.59,783.509687,7.85,82.7,9.519444444444444,260.40999999999997
364.9,2230.54,782.8225,7.84,83.1,10.177777777777777,262.23
365.9,2238.36,782.1791400000001,7.83,83.5,8.81388888888889,276.09000000000003
366.9,2244.92,781.846875,7.81,83.7,8.186111111111112,267.54
367.9,2250.02,781.3164840000001,7.81,83.9,8.680555555555555,268.5
368.9,2255.01,780.620937,7.77,84.0,8.980555555555556,249.18
369.9,2259.29,780.231093,7.77,84.1,10.722222222222223,247.70999999999998
370.9,2263.31,779.658125,7.75,84.4,12.18611111111111,237.65
371.9,2267.66,779.3071090000001,7.73,84.8,13.091666666666667,237.02
373.9,2276.25,778.286875,7.7,86.5,15.402777777777777,250.89
374.9,2282.77,777.763281,7.68,87.2,15.927777777777777,259.31
376.9,2296.13,776.661796,7.65,89.4,11.63888888888889,266.87
377.9,2302.63,775.987812,7.63,89.9,11.55,261.87
379.9,2318.06,774.875,7.59,90.5,11.16388888888889,240.39
380.9,2323.59,774.51125,7.56,90.8,12.327777777777778,246.45999999999998
381.9,2328.44,773.935468,7.53,91.4,11.522222222222222,246.05
382.9,2333.81,773.333437,7.51,92.2,12.958333333333334,253.31
383.9,2340.11,772.8276559999999,7.49,93.0,11.0,262.62
384.9,2346.3,772.118046,7.46,93.6,11.011111111111111,259.63
385.9,2353.53,771.358281,7.44,94.3,10.283333333333333,259.49
386.9,2361.09,770.565625,7.39,95.1,10.65,244.20999999999998
388.9,2375.2,769.313281,7.32,96.4,10.516666666666667,243.18
389.9,2379.7,768.97875,7.3,96.9,12.1,244.72
390.9,2383.74,768.363906,7.25,97.4,11.297222222222222,244.01999999999998
391.9,2389.21,767.672343,7.23,97.9,13.147222222222222,233.18
392.9,2393.9,767.136093,7.19,98.2,13.652777777777777,237.71
393.9,2399.62,766.63375,7.17,98.5,13.719444444444443,234.73
395.0,2405.01,765.836406,7.12,98.8,13.516666666666667,248.63
395.9,2413.24,765.225625,7.07,99.0,13.31111111111111,257.24
397.9,2424.2,764.312265,7.02,99.2,14.494444444444444,264.52
398.9,2431.5,763.6392179999999,6.96,98.9,14.169444444444444,256.39
399.9,2436.96,763.340781,6.94,98.6,12.341666666666667,255.84
400.9,2441.42,762.848437,6.9,98.3,12.772222222222222,248.35
401.9,2447.15,762.387031,6.87,98.0,11.613888888888889,255.15
402.9,2452.59,761.945156,6.83,97.6,12.705555555555556,253.86
403.9,2457.13,761.409218,6.8,97.2,13.775,260.73
404.9,2462.94,760.770156,6.77,97.0,14.475,254.11
405.9,2468.53,760.383437,6.74,96.9,15.897222222222222,253.82
406.9,2474.09,759.894296,6.71,97.3,14.386111111111111,245.88
407.9,2478.87,759.345,6.67,97.9,15.133333333333333,241.68
408.9,2484.31,758.81875,6.63,98.4,12.041666666666666,236.05
409.9,2489.8,758.1245309999999,6.6,98.8,11.302777777777777,246.81
410.9,2497.43,757.3047650000001,6.56,98.2,11.127777777777776,249.9
411.9,2504.23,756.957656,6.49,97.9,13.03611111111111,260.17
412.9,2508.52,756.571406,6.48,97.7,13.175,257.05
414.9,2518.78,755.335937,6.4,97.5,11.808333333333334,250.73000000000002
415.9,2525.54,754.626093,6.34,97.2,11.825,250.19
416.9,2532.78,754.2485929999999,6.31,97.0,9.702777777777778,250.19
417.9,2537.52,753.906406,6.29,96.8,11.291666666666666,257.45
418.9,2541.6,753.2069530000001,6.24,96.6,11.277777777777777,248.36
419.9,2547.35,752.4895309999999,6.2,96.5,11.41111111111111,232.07999999999998
420.9,2555.61,752.095781,6.19,96.6,14.43888888888889,232.78
421.9,2562.45,751.672812,6.15,96.6,13.027777777777777,237.8
422.9,2567.14,751.261796,6.12,96.6,13.722222222222223,243.38
423.9,2572.4,750.815937,6.11,96.7,16.13888888888889,250.36
424.9,2576.75,750.387656,6.06,96.8,15.772222222222222,261.62
425.9,2581.61,749.950625,6.03,96.9,16.40277777777778,262.9
426.9,2586.11,749.6754679999999,6.0,97.0,14.969444444444443,267.01
427.9,2590.7,749.212656,5.97,97.0,15.280555555555557,270.27
428.9,2596.53,748.4886710000001,5.93,97.0,12.627777777777776,272.23
430.9,2610.24,747.1278900000001,5.85,97.0,10.122222222222224,248.59
431.9,2617.34,746.703593,5.79,97.0,12.31388888888889,244.75
432.9,2622.71,746.301406,5.77,97.0,12.255555555555556,242.64
435.9,2635.6,745.068828,5.66,97.1,17.480555555555554,260.68
437.9,2643.87,744.2103119999999,5.57,97.3,19.061111111111114,250.28
438.9,2649.54,743.746406,5.55,97.3,17.98611111111111,250.93
439.9,2653.82,743.2628119999999,5.5,97.3,16.202777777777776,250.74
440.9,2659.57,742.765781,5.46,97.4,13.433333333333334,241.82
444.9,2677.83,741.0325780000001,5.3,97.7,11.741666666666667,260.36
445.9,2683.06,740.571875,5.28,97.8,14.452777777777778,256.85
446.9,2688.85,740.034687,5.24,98.1,15.319444444444445,257.73
447.9,2694.58,739.46914,5.17,98.3,15.113888888888889,245.8
448.9,2700.25,739.0590619999999,5.13,98.5,15.85,240.59
449.9,2705.15,738.574843,5.1,98.8,14.947222222222223,228.53
450.9,2710.32,738.398906,5.07,98.9,16.086111111111112,233.28
452.9,2720.55,737.147187,4.98,99.3,14.93611111111111,239.5
454.9,2734.15,736.19625,4.89,99.7,14.01388888888889,255.81
455.9,2740.1,735.775937,4.85,99.8,12.21388888888889,254.66
458.9,2754.53,734.159531,4.7,100.0,15.947222222222223,249.24
459.9,2761.39,733.6029679999999,4.67,100.0,15.794444444444444,248.23000000000002
460.9,2766.73,733.163593,4.61,100.0,16.352777777777778,249.85
461.9,2772.15,732.405625,4.58,100.0,15.266666666666667,254.57
465.9,2799.26,730.076562,4.36,100.0,15.13888888888889,244.86
473.9,2845.82,725.690781,4.0,100.0,19.558333333333334,247.44
475.9,2860.72,724.6910929999999,3.91,100.0,17.980555555555558,250.7
477.9,2873.34,723.3425,3.84,100.0,17.833333333333332,248.73000000000002
479.9,2889.33,722.076093,3.8,100.0,17.997222222222224,243.07
482.9,2908.15,720.433593,3.76,99.2,20.216666666666665,247.15
483.9,2916.14,719.765781,3.76,98.8,19.58888888888889,250.01
484.9,2923.49,718.9214059999999,3.76,98.4,19.780555555555555,256.32
487.9,2947.38,717.2442179999999,3.75,97.5,14.71388888888889,258.42
489.9,2959.29,716.126093,3.75,96.5,18.22222222222222,259.67
490.9,2965.07,715.6369530000001,3.74,95.8,19.608333333333334,260.3
492.9,2977.21,714.6757030000001,3.74,94.7,19.913888888888888,269.15999999999997
494.9,2990.22,713.294687,3.74,93.9,17.825,264.17
495.9,2998.5,712.727421,3.74,93.7,17.266666666666666,264.74
496.9,3004.18,712.002656,3.75,93.5,15.908333333333333,266.86
497.9,3013.23,711.2442179999999,3.76,93.4,15.863888888888889,265.14
498.9,3019.95,710.787031,3.76,93.3,18.738888888888887,265.42
499.9,3026.54,710.412968,3.77,93.4,18.119444444444447,269.45
501.9,3038.48,708.943984,3.75,93.4,16.469444444444445,267.32
502.9,3047.97,708.5350780000001,3.76,93.3,15.508333333333333,256.77
503.9,3052.61,707.914921,3.76,93.4,15.908333333333333,260.37
504.9,3059.52,707.376718,3.76,93.3,15.780555555555557,257.37
505.9,3065.91,706.745,3.75,93.4,17.5,264.71
506.9,3073.9,706.1192179999999,3.75,93.4,16.925,270.65
507.9,3080.36,705.703515,3.75,93.4,18.105555555555558,275.57
508.9,3085.59,705.251406,3.74,93.5,18.269444444444446,272.85
509.9,3089.89,704.7432030000001,3.71,93.5,18.494444444444447,272.33
511.3,3094.62,704.167421,3.71,93.5,18.511111111111113,264.95
511.9,3100.89,703.7079679999999,3.7,93.5,21.105555555555554,264.21
512.9,3106.16,703.099765,3.69,93.5,20.719444444444445,260.88
513.9,3111.65,702.4260929999999,3.68,93.4,22.294444444444444,264.53
514.9,3119.48,701.906875,3.66,93.4,20.2,267.54
515.9,3124.87,701.3952340000001,3.65,93.5,20.325,271.58
516.9,3131.19,700.8473429999999,3.63,93.6,16.844444444444445,277.44
517.9,3138.08,700.285781,3.61,93.7,15.722222222222223,279.34000000000003
518.9,3144.21,699.985156,3.61,93.7,13.980555555555556,279.18
520.9,3155.67,698.901562,3.57,94.0,13.202777777777778,268.19
521.9,3161.61,698.260625,3.54,94.1,17.108333333333334,263.81
523.9,3174.57,697.162187,3.5,94.3,20.466666666666665,272.11
524.9,3181.69,696.437812,3.48,94.4,21.22222222222222,273.54
525.9,3189.17,695.802578,3.43,94.5,20.21388888888889,281.24
526.9,3195.17,695.362812,3.43,94.6,17.55277777777778,279.87
527.9,3201.26,694.706093,3.4,94.7,18.194444444444446,278.55
528.9,3208.15,694.213203,3.36,94.9,17.408333333333335,276.69
529.9,3213.96,693.719453,3.35,95.0,19.761111111111113,273.39
530.9,3220.74,693.2044530000001,3.31,95.1,20.025,277.44
531.9,3227.17,692.52125,3.26,95.3,20.733333333333334,276.24
532.9,3234.39,692.048125,3.24,95.6,18.883333333333333,281.8
533.9,3241.28,691.280937,3.2,95.9,17.69722222222222,278.48
534.9,3250.5,690.723281,3.18,96.3,14.991666666666667,278.44
535.9,3257.21,690.386562,3.13,96.7,15.66111111111111,271.15999999999997
536.9,3262.98,689.922343,3.11,97.0,14.741666666666667,271.87
537.9,3268.31,689.348203,3.08,97.3,16.377777777777776,273.23
538.9,3274.78,688.917656,3.06,97.6,17.20277777777778,279.5
539.9,3281.02,688.212812,3.02,98.0,19.38888888888889,279.98
540.9,3288.66,687.685312,2.98,98.3,21.158333333333335,285.55
541.9,3295.74,687.0660929999999,2.96,98.4,22.46388888888889,281.67
542.9,3302.74,686.661328,2.93,98.2,21.82777777777778,278.72
543.9,3305.78,686.080468,2.9,97.7,22.408333333333335,273.02
544.9,3311.59,685.5457030000001,2.87,96.7,19.54722222222222,271.99
545.9,3317.55,685.0440619999999,2.82,95.7,16.36388888888889,270.28
546.9,3323.64,684.4589840000001,2.82,94.9,15.941666666666666,270.38
547.9,3331.83,683.8260150000001,2.78,94.1,15.386111111111111,282.85
548.9,3338.84,683.462031,2.76,93.4,16.86388888888889,280.98
549.9,3344.95,683.0142179999999,2.74,92.8,18.488888888888887,285.68
550.9,3350.67,682.328828,2.73,92.2,21.394444444444446,278.75
551.9,3358.22,681.87125,2.69,91.6,23.37222222222222,280.27
552.9,3363.83,681.3289840000001,2.67,91.1,24.102777777777778,275.76
553.9,3370.12,681.048125,2.65,90.6,24.219444444444445,279.81
554.9,3375.41,680.443437,2.63,90.0,23.45277777777778,278.76
555.9,3380.97,679.9985929999999,2.62,89.5,22.636111111111113,283.55
556.9,3386.17,679.605,2.59,89.0,21.28611111111111,286.0
557.9,3391.35,679.089375,2.58,88.4,21.641666666666666,289.32
558.9,3395.32,678.563046,2.56,87.9,17.941666666666666,290.45
560.9,3407.34,677.711875,2.51,86.9,17.283333333333335,282.64
561.9,3411.72,676.930781,2.49,86.5,18.525,274.17
562.9,3421.07,676.277343,2.47,86.1,19.583333333333332,273.35
563.9,3430.32,675.6891400000001,2.45,85.5,22.288888888888888,273.96
564.9,3436.97,675.232734,2.41,85.0,21.794444444444444,279.12
565.9,3443.4,674.4859369999999,2.38,84.6,21.73611111111111,276.92
567.0,3451.91,674.0360929999999,2.36,84.1,21.061111111111114,278.90999999999997
567.9,3458.72,673.5825,2.34,83.7,20.91111111111111,275.33
568.9,3466.45,672.93125,2.32,83.1,19.37222222222222,280.25
569.9,3473.78,672.299531,2.29,82.6,20.344444444444445,284.67
570.9,3481.7,671.8121090000001,2.27,82.2,19.783333333333335,292.13
571.9,3487.49,671.349531,2.23,81.8,21.586111111111112,292.28
572.9,3493.65,670.983281,2.22,81.4,20.180555555555554,288.84000000000003
574.9,3506.08,669.675937,2.17,80.6,22.83888888888889,280.04
575.9,3512.92,669.296562,2.16,80.0,22.505555555555553,275.40999999999997
576.9,3518.73,668.672656,2.15,79.5,21.444444444444446,277.89
577.9,3525.86,668.0776559999999,2.12,78.9,20.22222222222222,279.52
578.9,3532.02,667.654218,2.08,78.6,21.436111111111114,285.76
579.9,3538.35,667.162031,2.06,78.4,20.936111111111114,288.18
580.9,3543.17,666.695546,2.06,78.3,23.155555555555555,288.31
581.9,3548.48,666.225156,2.05,78.3,22.566666666666666,284.09000000000003
582.9,3553.85,665.672656,2.03,78.4,23.469444444444445,283.93
583.9,3561.29,665.1351559999999,2.01,78.5,21.216666666666665,279.06
584.9,3566.87,664.685781,1.99,78.8,21.3,278.49
586.9,3582.19,663.510468,1.98,79.2,19.311111111111114,287.54
587.9,3588.01,662.993515,1.95,79.4,19.45,288.34000000000003
588.9,3594.9,662.421562,1.94,79.6,20.125,292.05
589.9,3601.8,661.7835150000001,1.93,79.7,21.880555555555553,286.83
591.9,3614.51,660.824218,1.91,79.9,25.505555555555553,283.31
593.9,3625.73,659.6813280000001,1.88,79.9,27.78611111111111,285.34000000000003
594.9,3633.09,658.9177340000001,1.87,79.9,27.183333333333334,285.97
595.9,3641.16,658.484375,1.86,79.9,26.436111111111114,289.97
596.9,3649.14,657.9310929999999,1.86,79.8,25.769444444444446,287.32
597.9,3658.07,657.271093,1.84,79.7,24.77777777777778,287.26
598.9,3664.33,656.76375,1.82,79.6,23.65,282.26
599.9,3668.38,656.212656,1.79,79.4,25.055555555555554,281.5
600.9,3677.6,655.508515,1.77,79.3,25.566666666666666,279.47
601.9,3684.68,655.143906,1.77,79.2,27.961111111111112,282.47
602.9,3690.61,654.482304,1.77,79.1,26.616666666666667,284.03
603.9,3697.44,653.947109,1.74,78.9,23.772222222222222,284.08
604.9,3703.88,653.30371,1.72,78.7,24.363888888888887,290.22
605.9,3710.95,652.730976,1.71,78.5,24.105555555555554,287.13
606.9,3717.88,652.1476170000001,1.7,78.3,22.133333333333333,284.05
607.9,3724.57,651.58625,1.7,78.0,23.897222222222222,278.76
608.9,3732.42,650.894296,1.69,77.8,22.961111111111112,271.87
612.9,3758.02,649.121328,1.69,76.8,26.086111111111112,269.52
613.9,3764.08,648.837304,1.69,76.4,26.477777777777778,274.13
614.9,3770.93,648.329531,1.71,76.2,27.05277777777778,278.11
615.9,3778.55,647.808164,1.69,75.9,27.380555555555553,282.48
618.9,3798.36,646.360273,1.71,75.1,21.205555555555556,284.48
621.9,3817.18,644.877148,1.74,74.1,23.28611111111111,267.5
628.9,3863.4,641.338359,1.83,71.8,24.769444444444446,275.49
629.9,3869.73,640.885468,1.83,71.6,25.29722222222222,269.94
631.9,3880.03,639.963007,1.85,71.4,27.330555555555556,273.5
632.9,3886.23,639.352382,1.86,71.3,29.147222222222222,276.54
662.9,4083.28,623.957617,1.62,65.4,28.772222222222222,270.38
664.9,4096.14,622.8176559999999,1.59,65.1,30.366666666666667,269.33
665.9,4104.03,622.210507,1.56,65.1,27.85,269.61
666.9,4111.31,621.767578,1.53,64.9,28.186111111111114,269.67
694.9,4298.61,607.31414,0.49,63.2,25.608333333333334,267.0
695.9,4305.08,606.683554,0.44,62.8,27.27777777777778,264.31
704.9,4367.86,602.137031,0.13,57.9,23.186111111111114,275.37
705.9,4373.02,601.731093,0.11,57.3,26.511111111111113,267.71
714.9,4438.52,597.0298429999999,-0.14,52.0,25.28611111111111,265.4
719.9,4470.71,594.762421,-0.26,49.2,27.95,279.57
721.9,4482.53,593.90246,-0.29,48.3,29.169444444444444,273.69
723.9,4498.34,592.723632,-0.34,47.5,25.336111111111112,266.39
724.9,4505.11,592.239687,-0.37,47.1,23.030555555555555,260.02
728.9,4533.67,590.34246,-0.46,45.6,22.519444444444446,274.07
730.9,4546.67,589.4358589999999,-0.51,44.9,26.80277777777778,276.94
731.9,4553.13,589.0307809999999,-0.53,44.6,29.063888888888886,272.33
735.9,4577.03,587.3435929999999,-0.62,43.4,24.375,260.94
738.9,4595.44,585.786484,-0.72,42.7,24.561111111111114,275.9
740.9,4606.74,584.747421,-0.78,42.3,27.108333333333334,273.95
744.9,4631.35,582.760703,-0.94,41.7,30.04722222222222,262.3
746.9,4646.34,581.9022649999999,-1.01,41.4,29.936111111111114,267.67
747.9,4651.68,581.4087890000001,-1.05,41.3,27.761111111111113,267.54
748.9,4657.36,580.827304,-1.08,41.1,27.805555555555554,265.65999999999997
