date,time,lon,lat,P,H,T,RH,U,V
NaN/NaN/NaN, NaN:NaN:NaN,121.44196000000001,24.99768,1016,61.2,22.18,85.8,0.602511735,-0.798110023
NaN/NaN/NaN, NaN:NaN:NaN,121.44203,24.99772,1015,52.84,22.16,85.1,1.2368226999999998,-1.63834252
2020/03/13 , 11:11:20   ,121.44211000000001,24.99771,1014,51.24,22.08,84.6,0.6728047709999999,-0.8912228590000001
2020/03/13 , 11:11:21   ,121.44215,24.99774,1014,51.42,22.02,84.4,4.4080954000000006,0.770921486
2020/03/13 , 11:11:22   ,121.44203999999999,24.99772,1013,55.04,21.97,84.3,-5.97063737,-0.137577952
2020/03/13 , 11:11:22   ,121.44198,24.9977,1013,57.87,21.88,84.1,-6.76999617,-3.21463053
2020/03/13 , 11:11:23   ,121.44197,24.99765,1012,63.53,21.8,84.2,-2.83631691,-1.45141669
2020/03/13 , 11:11:25   ,121.44198999999999,24.99761,1011,72.22,21.7,84.4,3.53504416,-4.00831002
2020/03/13 , 11:11:26   ,121.44203999999999,24.99757,1010,78.36,21.59,84.5,5.11794931,-4.2807878
2020/03/13 , 11:11:27   ,121.44206000000001,24.997529999999998,1010,75.5,21.5,84.4,3.62785059,-3.87138475
2020/03/13 , 11:11:27   ,121.44202,24.99752,1009,65.37,21.4,84.6,-2.0213931,-4.72765333
2020/03/13 , 11:11:28   ,121.44195,24.997510000000002,1009,58.33,21.29,84.8,-8.33835787,-2.38311272
2020/03/13 , 11:11:30   ,121.44188999999999,24.997510000000002,1008,55.92,21.16,85.3,-8.61555588,0.138352122
2020/03/13 , 11:11:31   ,121.44188,24.997510000000002,1007,60.14,21.08,85.8,-3.19162856,-0.015597363700000002
2020/03/13 , 11:11:32   ,121.44186,24.9975,1007,63.86,20.97,86.1,0.46687472,-3.66482575
2020/03/13 , 11:11:33   ,121.44188,24.99752,1006,62.76,20.87,86.4,4.92378955,-1.14670766
2020/03/13 , 11:11:34   ,121.44188999999999,24.99755,1005,67.99,20.76,86.7,4.43399366,2.99865473
2020/03/13 , 11:11:35   ,121.44193,24.99756,1004,82.0,20.65,87.1,1.66361049,1.12507907
2020/03/13 , 11:11:36   ,121.44192,24.99756,1004,89.5,20.54,87.5,1.53475546,1.03793602
2020/03/13 , 11:11:37   ,121.44191000000001,24.99749,1003,96.65,20.46,87.8,-0.364659006,-9.03987023
2020/03/13 , 11:11:37   ,121.44195,24.997410000000002,1003,101.46,20.33,88.2,0.493039492,-9.34533653
2020/03/13 , 11:11:39   ,121.44198999999999,24.99736,1002,108.34,20.24,88.6,0.181328865,-3.35899811
2020/03/13 , 11:11:40   ,121.44201000000001,24.99735,1001,116.3,20.14,89.1,0.07426846990000001,-1.37577462
2020/03/13 , 11:11:41   ,121.44202,24.99738,1000,123.48,20.05,89.4,4.22702553,1.06175543
2020/03/13 , 11:11:42   ,121.44203999999999,24.9974,1000,132.36,19.98,89.8,2.75811453,2.35232422
2020/03/13 , 11:11:43   ,121.44208,24.9974,999,141.14,19.9,90.2,4.52799105,-1.27020309
2020/03/13 , 11:11:44   ,121.44213,24.99736,998,149.81,19.8,90.6,6.58797318,-3.9537602999999995
2020/03/13 , 11:11:45   ,121.44215,24.9973,997,162.95,19.72,90.9,3.82076396,-7.28057011
2020/03/13 , 11:11:46   ,121.44218000000001,24.99721,997,172.48,19.63,91.2,0.23250316699999998,-9.31376508
2020/03/13 , 11:11:46   ,121.44218000000001,24.99713,996,177.99,19.55,91.5,0.8648169859999999,-9.08113593
2020/03/13 , 11:11:48   ,121.44218000000001,24.99708,996,186.6,19.48,91.7,-0.0818209952,-3.42124396
2020/03/13 , 11:11:49   ,121.4422,24.99708,995,192.89,19.42,92.0,2.06948303,-1.05354451
2020/03/13 , 11:11:50   ,121.44221,24.9971,994,201.17,19.33,92.3,2.62622772,1.33755255
2020/03/13 , 11:11:51   ,121.44218000000001,24.997120000000002,994,211.16,19.28,92.6,-0.141183072,2.42645166
2020/03/13 , 11:11:52   ,121.44218000000001,24.997120000000002,993,216.38,19.2,92.8,-1.85226916,1.38214815
2020/03/13 , 11:11:53   ,121.44214,24.997120000000002,992,227.8,19.14,93.1,-1.85620539,1.26669225
2020/03/13 , 11:11:54   ,121.44216000000002,24.99713,992,231.19,19.06,93.4,-0.38546663299999995,0.26304610300000003
2020/03/13 , 11:11:55   ,121.44221,24.997120000000002,991,234.95,19.01,93.6,-0.543706559,-3.23518592
2020/03/13 , 11:11:56   ,121.44227,24.99708,990,242.13,18.93,94.0,4.72373015,-5.58384671
2020/03/13 , 11:11:57   ,121.44231,24.99703,989,245.68,18.87,94.3,3.96415532,-6.95836729
2020/03/13 , 11:11:58   ,121.44233,24.99697,989,252.69,18.8,94.6,-0.00501539689,-5.74722003
2020/03/13 , 11:11:59   ,121.44233999999999,24.99693,988,259.23,18.75,94.8,-0.463738881,-4.05132298
2020/03/13 , 11:12:00   ,121.44233999999999,24.9969,987,265.18,18.7,94.7,-0.330506788,-3.50947151
2020/03/13 , 11:12:01   ,121.44236000000001,24.99686,987,273.28,18.63,94.8,0.7362018640000001,-3.29087975
2020/03/13 , 11:12:02   ,121.44238,24.99683,986,281.98,18.59,95.0,3.08716148,-3.42142808
2020/03/13 , 11:12:02   ,121.44243,24.99681,985,284.54,18.54,95.1,3.95465818,-4.22751857
2020/03/13 , 11:12:04   ,121.44246000000001,24.996760000000002,985,291.69,18.48,95.3,2.06463206,-5.09477641
2020/03/13 , 11:12:05   ,121.44247,24.99672,984,298.36,18.43,95.5,1.48765478,-4.40267619
2020/03/13 , 11:12:06   ,121.44248,24.996679999999998,983,303.37,18.39,95.6,0.7865957379999999,-2.95832189
2020/03/13 , 11:12:07   ,121.44248999999999,24.996660000000002,983,310.22,18.33,95.6,0.652946844,-1.88453418
2020/03/13 , 11:12:08   ,121.44252,24.99665,982,315.1,18.29,95.7,3.13399905,-2.1587735
2020/03/13 , 11:12:09   ,121.44258,24.99662,981,322.57,18.24,95.9,4.04188213,-3.63932702
2020/03/13 , 11:12:10   ,121.44261000000002,24.996579999999998,980,326.73,18.18,96.0,4.22601765,-4.46420384
2020/03/13 , 11:12:11   ,121.44261000000002,24.99653,979,334.77,18.13,96.0,-0.74883079,-5.12053488
2020/03/13 , 11:12:12   ,121.4426,24.996489999999998,979,340.01,18.07,96.0,-0.5692087570000001,-4.32940864
2020/03/13 , 11:12:13   ,121.44259,24.99646,978,345.6,18.04,96.1,-0.857191943,-3.87294028
2020/03/13 , 11:12:14   ,121.44259,24.99643,977,350.66,18.0,96.2,-0.7035025290000001,-3.81060483
2020/03/13 , 11:12:15   ,121.4426,24.996389999999998,977,354.78,17.95,96.3,0.642532091,-5.129357499999999
2020/03/13 , 11:12:16   ,121.4426,24.99635,976,361.36,17.91,96.4,-0.204277469,-4.28402131
2020/03/13 , 11:12:17   ,121.4426,24.99632,975,366.81,17.87,96.6,-0.557549897,-3.65213059
2020/03/13 , 11:12:18   ,121.44261000000002,24.99629,975,371.44,17.84,96.7,-0.281919423,-3.42173921
2020/03/13 , 11:12:19   ,121.44261999999999,24.99626,974,376.44,17.77,96.9,0.500570032,-2.69558264
2020/03/13 , 11:12:20   ,121.44264,24.99624,973,382.28,17.74,97.0,1.99386141,-3.40662296
2020/03/13 , 11:12:21   ,121.44266999999999,24.9962,972,389.04,17.7,97.2,2.02419271,-4.01592475
2020/03/13 , 11:12:22   ,121.44268000000001,24.99616,972,396.53,17.66,97.3,1.69494489,-4.28531188
2020/03/13 , 11:12:23   ,121.44268999999998,24.996129999999997,971,403.75,17.62,97.5,0.9624190640000001,-3.20587681
2020/03/13 , 11:12:24   ,121.4427,24.99611,970,407.86,17.57,97.6,0.996966881,-2.47628566
2020/03/13 , 11:12:25   ,121.44272,24.99608,970,414.88,17.51,97.8,1.80476175,-2.91418866
2020/03/13 , 11:12:26   ,121.44273999999999,24.99605,969,423.25,17.47,98.0,2.43758851,-3.39977059
2020/03/13 , 11:12:27   ,121.44276,24.99602,968,428.2,17.42,98.1,2.599566,-4.56122315
2020/03/13 , 11:12:28   ,121.44278,24.99598,967,434.56,17.4,98.3,0.52952898,-4.77349698
2020/03/13 , 11:12:29   ,121.44278999999999,24.995929999999998,967,440.38,17.33,98.4,0.6318584770000001,-5.02991271
2020/03/13 , 11:12:31   ,121.44278999999999,24.99586,965,454.66,17.27,98.8,0.171032245,-3.37622627
2020/03/13 , 11:12:32   ,121.4428,24.995829999999998,965,460.5,17.23,98.9,1.3027916000000002,-4.30148404
2020/03/13 , 11:12:33   ,121.44281000000001,24.99579,964,466.01,17.18,99.0,0.93727726,-4.68210811
2020/03/13 , 11:12:34   ,121.44282,24.995739999999998,963,473.27,17.13,99.2,0.349133199,-4.94324153
2020/03/13 , 11:12:35   ,121.44282,24.9957,963,479.4,17.1,99.3,0.30286626699999997,-4.64569366
2020/03/13 , 11:12:36   ,121.44283,24.99566,962,486.04,17.07,99.4,0.213514483,-3.85520305
2020/03/13 , 11:12:37   ,121.44285,24.99563,961,491.96,17.03,99.6,1.51108908,-3.68258501
2020/03/13 , 11:12:38   ,121.44286000000001,24.99559,960,499.82,16.98,99.7,1.65526722,-4.14265649
2020/03/13 , 11:12:39   ,121.44286000000001,24.99555,959,506.99,16.95,99.7,0.0159450079,-4.808306900000001
2020/03/13 , 11:12:40   ,121.44286000000001,24.99551,959,513.19,16.91,99.8,-0.10402128699999999,-4.54881079
2020/03/13 , 11:12:41   ,121.44283999999999,24.99547,958,522.36,16.87,99.9,-1.31547528,-3.85976636
2020/03/13 , 11:12:42   ,121.44281000000001,24.99544,957,532.02,16.83,100.0,-1.81926194,-2.8261907
2020/03/13 , 11:12:43   ,121.4428,24.995420000000003,957,539.44,16.79,100.0,-0.937380488,-2.00564748
2020/03/13 , 11:12:44   ,121.44283,24.9954,956,546.71,16.74,100.0,0.37378584200000003,-2.48032664
2020/03/13 , 11:12:45   ,121.44285,24.99537,955,552.45,16.71,100.0,1.80391561,-3.95833153
2020/03/13 , 11:12:46   ,121.44286000000001,24.99533,954,558.75,16.68,100.0,1.76045069,-5.42132948
2020/03/13 , 11:12:47   ,121.44288,24.99529,953,566.38,16.63,100.0,0.70421488,-4.55420877
2020/03/13 , 11:12:48   ,121.44288999999999,24.99525,952,573.04,16.59,100.0,0.9945650159999999,-3.84569757
2020/03/13 , 11:12:49   ,121.44288999999999,24.99522,952,584.09,16.56,100.0,0.888885756,-2.90017124
2020/03/13 , 11:12:50   ,121.4429,24.995179999999998,951,592.25,16.52,100.0,1.18693815,-4.29743109
2020/03/13 , 11:12:51   ,121.44291000000001,24.99514,950,600.77,16.48,100.0,0.0722073141,-4.75500733
2020/03/13 , 11:12:52   ,121.44288999999999,24.9951,949,606.02,16.44,100.0,-0.30763851600000003,-5.50251799
2020/03/13 , 11:12:53   ,121.44288,24.99505,948,613.76,16.41,100.0,-2.13551164,-5.18884938
2020/03/13 , 11:12:54   ,121.44288,24.995,948,621.17,16.37,100.0,1.39295332,-4.95227117
2020/03/13 , 11:12:55   ,121.44291000000001,24.99496,947,628.03,16.35,100.0,2.07896802,-4.3941203
2020/03/13 , 11:12:56   ,121.44293,24.99492,946,636.27,16.32,100.0,1.9345463999999999,-4.15811801
2020/03/13 , 11:12:57   ,121.44294,24.994889999999998,945,643.07,16.27,100.0,0.266190859,-4.09413335
2020/03/13 , 11:12:58   ,121.44294,24.99486,945,650.57,16.24,100.0,-0.265230915,-3.32555107
2020/03/13 , 11:12:59   ,121.44294,24.99484,944,657.39,16.21,100.0,-0.198757555,-2.49208656
2020/03/13 , 11:13:00   ,121.44293,24.99482,943,664.84,16.18,100.0,-0.103133087,-1.29311603
2020/03/13 , 11:13:01   ,121.44293,24.99481,942,670.43,16.14,100.0,-0.160772778,-2.01582113
2020/03/13 , 11:13:02   ,121.44296000000001,24.99479,941,678.59,16.11,100.0,-0.177777591,-2.22903298
2020/03/13 , 11:13:03   ,121.44298,24.994770000000003,941,684.98,16.08,100.0,1.05239516,-3.20087805
2020/03/13 , 11:13:04   ,121.44301000000002,24.99474,940,691.17,16.06,100.0,2.30105269,-3.4101669
2020/03/13 , 11:13:05   ,121.44306,24.99471,939,698.89,16.02,100.0,2.91875274,-2.96186066
2020/03/13 , 11:13:06   ,121.44311,24.99469,938,704.96,16.0,100.0,4.66812655,-2.67562565
2020/03/13 , 11:13:07   ,121.44316,24.994670000000003,938,713.29,15.97,100.0,4.51540522,-2.9055205
2020/03/13 , 11:13:08   ,121.44323,24.99464,937,720.12,15.93,100.0,5.97791365,-3.53955435
2020/03/13 , 11:13:09   ,121.44328,24.99461,936,727.82,15.92,100.0,3.4745388,-3.55676454
2020/03/13 , 11:13:10   ,121.44332,24.99459,935,735.96,15.9,100.0,3.87544259,-3.02564965
2020/03/13 , 11:13:11   ,121.44335,24.99456,935,744.13,15.85,100.0,2.89678964,-1.74263182
2020/03/13 , 11:13:12   ,121.44338,24.99455,934,751.43,15.82,100.0,3.16139968,-1.74518638
2020/03/13 , 11:13:13   ,121.44341000000001,24.994529999999997,933,757.44,15.8,100.0,4.07874248,-1.95946034
2020/03/13 , 11:13:14   ,121.44345,24.99452,932,762.34,15.78,100.0,2.77611427,-1.70053861
2020/03/13 , 11:13:15   ,121.44348000000001,24.9945,932,768.05,15.75,100.0,2.61195112,-2.21117984
2020/03/13 , 11:13:16   ,121.4435,24.99449,931,774.34,15.72,100.0,1.36321799,-1.15404922
2020/03/13 , 11:13:17   ,121.44353999999998,24.99449,930,780.18,15.69,100.0,3.2558837000000005,-1.02657619
2020/03/13 , 11:13:18   ,121.44358999999999,24.99449,929,786.58,15.67,100.0,4.49167608,-0.474472127
2020/03/13 , 11:13:19   ,121.44365,24.99449,929,792.93,15.64,100.0,4.21277367,-0.9023713879999999
2020/03/13 , 11:13:20   ,121.44368,24.99447,928,798.97,15.61,100.0,3.63816333,-1.10674587
2020/03/13 , 11:13:21   ,121.44372,24.99446,927,805.05,15.61,100.0,3.6965871,-1.45388899
2020/03/13 , 11:13:22   ,121.44375,24.99445,927,813.26,15.59,100.0,1.56911075,-0.617140291
2020/03/13 , 11:13:23   ,121.44376000000001,24.99445,926,820.23,15.55,100.0,2.27229635,-0.862710623
2020/03/13 , 11:13:24   ,121.44378,24.99445,925,827.19,15.54,100.0,1.9009381999999997,-0.721719058
2020/03/13 , 11:13:25   ,121.44381000000001,24.99445,924,835.2,15.53,100.0,3.15382834,0.214453447
2020/03/13 , 11:13:26   ,121.44384,24.99445,924,840.88,15.5,100.0,4.84846275,-0.895983856
2020/03/13 , 11:13:27   ,121.44388000000001,24.99445,923,848.96,15.5,100.0,2.62856603,-0.414913236
2020/03/13 , 11:13:28   ,121.44391999999999,24.99445,922,856.06,15.48,100.0,4.55683911,0.19736224800000002
2020/03/13 , 11:13:29   ,121.44397,24.99446,921,861.77,15.46,100.0,4.07544219,0.619263262
2020/03/13 , 11:13:30   ,121.44401,24.99447,920,868.66,15.44,100.0,3.78155749,0.47369910200000004
2020/03/13 , 11:13:31   ,121.44403999999999,24.99448,920,874.51,15.41,100.0,6.0038317999999995,-0.295737145
2020/03/13 , 11:13:32   ,121.44408999999999,24.99447,919,883.84,15.38,100.0,4.46961924,0.21938281899999998
2020/03/13 , 11:13:33   ,121.44413,24.99448,918,891.92,15.37,100.0,4.20277138,0.00733522727
2020/03/13 , 11:13:34   ,121.44416000000001,24.99447,917,898.14,15.36,100.0,4.42869465,-0.339214465
2020/03/13 , 11:13:35   ,121.4442,24.99447,917,905.02,15.35,100.0,3.30274098,-0.42953733299999997
2020/03/13 , 11:13:36   ,121.44424,24.99447,916,911.73,15.32,100.0,3.4004267,-0.126470874
2020/03/13 , 11:13:37   ,121.44428,24.99448,915,920.07,15.3,100.0,4.76901661,0.591476793
2020/03/13 , 11:13:38   ,121.44433000000001,24.99448,914,926.1,15.28,100.0,8.14323331,0.448149245
2020/03/13 , 11:13:39   ,121.44438000000001,24.99449,914,932.73,15.25,100.0,4.73336798,1.81507426
2020/03/13 , 11:13:40   ,121.44442,24.99452,913,940.34,15.23,100.0,3.47801949,3.77173445
2020/03/13 , 11:13:41   ,121.44446,24.99455,912,946.37,15.21,100.0,4.08292253,3.11598796
2020/03/13 , 11:13:41   ,121.44448999999999,24.99458,912,953.12,15.2,100.0,3.29044823,2.94200026
2020/03/13 , 11:13:43   ,121.44451000000001,24.9946,911,960.32,15.18,100.0,3.2661531000000004,3.02237389
2020/03/13 , 11:13:44   ,121.44456000000001,24.99462,910,967.75,15.17,100.0,5.20217907,1.2489327
2020/03/13 , 11:13:45   ,121.44462,24.99461,909,975.17,15.14,100.0,5.86132817,-0.956678285
2020/03/13 , 11:13:46   ,121.44468,24.99459,909,980.49,15.11,100.0,7.54138188,-1.97000597
2020/03/13 , 11:13:47   ,121.44474,24.99457,908,988.05,15.09,100.0,4.95641984,-1.90060653
2020/03/13 , 11:13:48   ,121.4448,24.99456,907,995.49,15.08,100.0,5.83544466,-0.48488806
2020/03/13 , 11:13:49   ,121.44485,24.99456,906,1002.4,15.06,100.0,4.39736238,-0.44124063
2020/03/13 , 11:13:50   ,121.4449,24.99456,906,1010.19,15.03,100.0,3.84564018,-0.276333564
2020/03/13 , 11:13:51   ,121.44493,24.99455,905,1018.11,15.03,100.0,4.62992766,-0.775614903
2020/03/13 , 11:13:52   ,121.44498,24.99455,904,1026.03,15.01,100.0,4.33397207,0.37307648
2020/03/13 , 11:13:53   ,121.44502,24.99455,903,1033.23,14.98,100.0,5.19669872,1.29471918
2020/03/13 , 11:13:54   ,121.44507,24.99457,903,1039.87,14.95,100.0,5.58807641,1.73086742
2020/03/13 , 11:13:55   ,121.44511000000001,24.99459,902,1045.21,14.93,100.0,3.2817548999999997,1.0460795
2020/03/13 , 11:13:56   ,121.44514,24.99459,901,1053.75,14.92,100.0,1.59059249,0.507011114
2020/03/13 , 11:13:57   ,121.44516000000002,24.99459,900,1057.6,14.9,100.0,3.90343115,0.19569026899999997
2020/03/13 , 11:13:58   ,121.44518000000001,24.99459,900,1063.54,14.87,100.0,2.46050736,-0.24038774899999998
2020/03/13 , 11:13:59   ,121.44521,24.99458,899,1070.09,14.86,100.0,2.45249367,-0.169344525
2020/03/13 , 11:14:00   ,121.44521999999999,24.99459,898,1076.21,14.84,100.0,3.78327075,0.6175004829999999
2020/03/13 , 11:14:01   ,121.44526,24.99459,897,1083.97,14.81,100.0,2.91566235,0.5324944970000001
2020/03/13 , 11:14:02   ,121.44528999999999,24.99458,897,1090.99,14.79,100.0,2.17395048,-0.0675595533
2020/03/13 , 11:14:03   ,121.44532,24.99457,896,1097.58,14.77,100.0,3.95064115,-1.37575881
2020/03/13 , 11:14:04   ,121.44537,24.99455,895,1104.32,14.76,100.0,4.82293015,-2.07408889
2020/03/13 , 11:14:05   ,121.44543,24.99454,894,1111.49,14.74,100.0,6.17664575,-1.38743684
2020/03/13 , 11:14:06   ,121.4455,24.994529999999997,894,1117.18,14.72,100.0,8.35911008,-0.515658409
2020/03/13 , 11:14:07   ,121.4456,24.994529999999997,893,1124.17,14.71,100.0,8.78086866,-0.435601201
2020/03/13 , 11:14:08   ,121.4457,24.99452,892,1131.1,14.67,100.0,9.18198559,-1.29044392
2020/03/13 , 11:14:09   ,121.44578999999999,24.9945,891,1138.55,14.66,100.0,9.20617296,-2.59120632
2020/03/13 , 11:14:10   ,121.44588,24.99448,890,1147.31,14.63,100.0,7.22383901,-0.647252216
2020/03/13 , 11:14:11   ,121.44594,24.99448,890,1154.51,14.62,100.0,8.68008134,-0.391124067
2020/03/13 , 11:14:12   ,121.44601000000002,24.99448,889,1160.8,14.61,100.0,7.283205099999999,-0.043219916399999996
2020/03/13 , 11:14:13   ,121.4461,24.99447,888,1169.89,14.6,100.0,7.00096497,-0.898086275
2020/03/13 , 11:14:14   ,121.44616,24.99446,888,1176.95,14.59,100.0,7.93917095,-1.41275217
2020/03/13 , 11:14:15   ,121.44625,24.994429999999998,887,1182.9,14.58,100.0,9.63807583,-3.25293702
2020/03/13 , 11:14:16   ,121.44633999999999,24.994410000000002,886,1191.34,14.56,100.0,7.77861745,-0.613556523
2020/03/13 , 11:14:17   ,121.44641999999999,24.994410000000002,886,1197.05,14.56,100.0,9.45753288,0.346791988
2020/03/13 , 11:14:18   ,121.44651,24.99442,885,1205.36,14.57,100.0,7.2692666,1.08639917
2020/03/13 , 11:14:19   ,121.44657,24.994429999999998,884,1213.62,14.58,100.0,6.39994871,0.866444462
2020/03/13 , 11:14:20   ,121.44663999999999,24.994429999999998,883,1223.99,14.58,100.0,7.01414961,0.9259212659999999
2020/03/13 , 11:14:21   ,121.4467,24.99444,882,1231.48,14.59,100.0,7.64732893,1.7599025000000001
2020/03/13 , 11:14:22   ,121.44678,24.99445,882,1238.4,14.59,100.0,8.42048578,1.56064479
2020/03/13 , 11:14:23   ,121.44684,24.99448,881,1245.54,14.6,100.0,5.29287911,3.35507703
2020/03/13 , 11:14:24   ,121.44689,24.994510000000002,880,1253.26,14.61,100.0,4.23201278,3.4997815
2020/03/13 , 11:14:25   ,121.44691999999999,24.99454,880,1261.4,14.61,100.0,4.44758711,3.10152587
2020/03/13 , 11:14:26   ,121.44698000000001,24.99456,879,1268.5,14.6,100.0,5.32021644,1.78321759
2020/03/13 , 11:14:27   ,121.44703999999999,24.99457,878,1277.02,14.61,100.0,6.77876003,1.19527829
2020/03/13 , 11:14:28   ,121.44713,24.99458,877,1283.31,14.61,100.0,9.69160845,1.41558032
2020/03/13 , 11:14:29   ,121.44723,24.99461,877,1288.38,14.63,100.0,10.197204300000001,2.08576755
2020/03/13 , 11:14:30   ,121.44731000000002,24.994629999999997,876,1293.95,14.63,100.0,9.52220517,2.13370057
2020/03/13 , 11:14:31   ,121.44738999999998,24.99464,875,1300.81,14.62,100.0,7.89690876,1.29741446
2020/03/13 , 11:14:32   ,121.44747,24.99465,875,1308.15,14.62,100.0,8.29175538,0.30114664399999996
2020/03/13 , 11:14:33   ,121.44756000000001,24.99465,874,1315.89,14.62,100.0,7.96817834,0.329786255
2020/03/13 , 11:14:34   ,121.44763999999999,24.99466,873,1322.86,14.63,100.0,9.13516543,1.52214704
2020/03/13 , 11:14:35   ,121.44771999999999,24.99468,872,1330.87,14.64,100.0,9.018758199999999,2.62019147
2020/03/13 , 11:14:36   ,121.4478,24.99471,872,1338.72,14.63,100.0,8.50804038,3.15735237
2020/03/13 , 11:14:37   ,121.44787,24.99474,871,1346.23,14.63,100.0,7.16309991,3.03760504
2020/03/13 , 11:14:38   ,121.44795,24.99476,870,1353.92,14.62,100.0,7.23594164,2.64082071
2020/03/13 , 11:14:39   ,121.44803999999999,24.99478,870,1360.26,14.64,100.0,9.3880579,2.44015753
2020/03/13 , 11:14:40   ,121.44813,24.99482,869,1366.32,14.63,100.0,9.31850185,3.48033809
2020/03/13 , 11:14:41   ,121.44823000000001,24.99485,868,1374.06,14.62,100.0,8.85933071,3.74779547
2020/03/13 , 11:14:41   ,121.44831,24.994889999999998,868,1379.63,14.62,100.0,9.20030034,3.81088918
2020/03/13 , 11:14:43   ,121.44838999999999,24.99492,867,1386.23,14.62,100.0,6.95739287,2.6012626
2020/03/13 , 11:14:44   ,121.44846000000001,24.99494,866,1393.03,14.63,100.0,7.83401587,2.22714406
2020/03/13 , 11:14:45   ,121.44855,24.99496,865,1398.46,14.61,100.0,9.98341909,2.37102182
2020/03/13 , 11:14:46   ,121.44865,24.994989999999998,865,1404.85,14.61,100.0,10.6570486,3.11432014
2020/03/13 , 11:14:47   ,121.44876000000001,24.99503,864,1411.46,14.61,100.0,12.0476526,4.59573317
2020/03/13 , 11:14:48   ,121.44888,24.995070000000002,863,1417.46,14.59,100.0,13.032195199999999,5.10726143
2020/03/13 , 11:14:48   ,121.44901000000002,24.99513,863,1422.21,14.58,100.0,12.9336141,6.23565257
2020/03/13 , 11:14:50   ,121.44913000000001,24.99519,862,1428.04,14.58,100.0,11.5608194,7.48475517
2020/03/13 , 11:14:50   ,121.44923,24.995260000000002,861,1434.49,14.56,100.0,9.90675802,7.91979104
2020/03/13 , 11:14:52   ,121.44932,24.99532,861,1440.43,14.56,100.0,9.34130247,6.70746361
2020/03/13 , 11:14:53   ,121.44941000000001,24.995379999999997,860,1446.86,14.55,100.0,6.87750234,5.65326575
2020/03/13 , 11:14:54   ,121.44948000000001,24.995420000000003,859,1452.53,14.52,100.0,7.98439826,3.94440162
2020/03/13 , 11:14:54   ,121.44956,24.99545,859,1458.36,14.52,100.0,9.17440193,2.66193773
2020/03/13 , 11:14:56   ,121.44967,24.99547,858,1467.57,14.52,100.0,10.6527655,3.34858641
2020/03/13 , 11:14:57   ,121.44979,24.99551,857,1475.11,14.5,100.0,11.0090333,4.43676665
2020/03/13 , 11:14:58   ,121.4499,24.99555,857,1480.7,14.48,100.0,12.6970946,4.5862608
2020/03/13 , 11:14:59   ,121.45002,24.99561,856,1485.69,14.47,100.0,11.6636898,6.42012286
2020/03/13 , 11:15:00   ,121.45011000000001,24.99566,855,1490.86,14.45,100.0,8.73806735,4.88554241
2020/03/13 , 11:15:00   ,121.45018999999999,24.9957,855,1496.09,14.44,100.0,10.1132457,3.29380027
2020/03/13 , 11:15:02   ,121.4503,24.995720000000002,854,1502.14,14.43,100.0,10.322849099999999,3.25874383
2020/03/13 , 11:15:03   ,121.4504,24.99576,853,1509.04,14.41,100.0,10.2171955,4.25928602
2020/03/13 , 11:15:03   ,121.45051000000001,24.9958,853,1515.59,14.39,100.0,12.438209,5.87420344
2020/03/13 , 11:15:05   ,121.45062,24.99586,852,1522.99,14.37,100.0,10.197842800000002,6.17603312
2020/03/13 , 11:15:05   ,121.45073000000001,24.995910000000002,852,1529.97,14.36,100.0,10.0020592,5.40583742
2020/03/13 , 11:15:07   ,121.45081,24.99596,851,1537.86,14.35,100.0,8.93688012,6.01439484
2020/03/13 , 11:15:08   ,121.4509,24.99602,850,1546.96,14.32,100.0,9.0443753,6.40140507
2020/03/13 , 11:15:09   ,121.45098999999999,24.99608,850,1552.8,14.31,100.0,10.8684317,6.62370883
2020/03/13 , 11:15:09   ,121.45105,24.99612,849,1564.59,14.29,100.0,9.89026081,4.55528729
2020/03/13 , 11:15:10   ,121.45116000000002,24.996170000000003,848,1570.31,14.27,100.0,11.0649189,4.79280433
2020/03/13 , 11:15:12   ,121.45125,24.9962,848,1576.73,14.25,100.0,9.97529904,2.79078458
2020/03/13 , 11:15:13   ,121.45136000000001,24.996229999999997,847,1583.16,14.21,100.0,10.5643069,2.41178837
2020/03/13 , 11:15:13   ,121.45146000000001,24.99625,846,1588.22,14.21,100.0,11.245165,2.24292395
2020/03/13 , 11:15:15   ,121.45158,24.99628,846,1597.09,14.19,100.0,12.474494900000002,3.17507195
2020/03/13 , 11:15:15   ,121.4517,24.99632,845,1603.85,14.17,100.0,14.4968889,5.30223913
2020/03/13 , 11:15:16   ,121.45183999999999,24.99638,845,1609.2,14.17,100.0,14.7463033,7.08107398
2020/03/13 , 11:15:17   ,121.45196999999999,24.99645,844,1615.7,14.17,100.0,12.5949375,7.80919214
2020/03/13 , 11:15:18   ,121.45208999999998,24.99652,843,1622.75,14.17,100.0,11.555685800000001,7.61957091
2020/03/13 , 11:15:20   ,121.45221000000001,24.996579999999998,842,1630.86,14.18,100.0,11.163131800000002,6.91873789
2020/03/13 , 11:15:21   ,121.45233,24.99664,842,1638.16,14.17,100.0,12.248126199999998,6.58391073
2020/03/13 , 11:15:21   ,121.45246000000002,24.99669,841,1644.31,14.19,100.0,13.502442199999999,6.24758559
2020/03/13 , 11:15:23   ,121.45258000000001,24.99674,841,1651.57,14.17,100.0,11.363362400000002,5.78242982
2020/03/13 , 11:15:24   ,121.45268999999999,24.99679,840,1658.0,14.19,100.0,10.0208198,4.87665993
2020/03/13 , 11:15:25   ,121.45279,24.99683,839,1663.8,14.2,100.0,10.2300164,3.87376488
2020/03/13 , 11:15:26   ,121.4529,24.99686,838,1670.57,14.2,100.0,10.9725702,4.23396246
2020/03/13 , 11:15:27   ,121.45305,24.9969,838,1676.51,14.22,99.3,13.317879999999999,3.48642829
2020/03/13 , 11:15:27   ,121.45318999999999,24.99693,837,1682.11,14.21,98.8,15.068582999999999,4.33792903
2020/03/13 , 11:15:28   ,121.45333000000001,24.99697,837,1689.21,14.22,98.3,15.2958584,4.25917167
2020/03/13 , 11:15:29   ,121.45347,24.99701,836,1695.85,14.22,97.8,13.1908239,4.04543009
2020/03/13 , 11:15:30   ,121.45358,24.99705,835,1701.43,14.22,97.3,11.8557886,4.31515414
2020/03/13 , 11:15:31   ,121.45369,24.9971,835,1708.1,14.24,96.8,10.8051048,5.51973617
2020/03/13 , 11:15:33   ,121.45378999999998,24.99715,834,1717.61,14.24,96.4,9.46340175,6.63619596
2020/03/13 , 11:15:33   ,121.4539,24.99721,833,1724.25,14.24,96.0,11.321549000000001,6.88902373
2020/03/13 , 11:15:34   ,121.45402,24.99727,833,1729.83,14.22,95.7,11.4908317,6.89893023
2020/03/13 , 11:15:36   ,121.45413,24.997329999999998,832,1736.91,14.24,95.4,10.333978199999999,6.24616042
2020/03/13 , 11:15:36   ,121.45423000000001,24.99738,831,1743.17,14.2,95.2,12.0819059,5.51368347
2020/03/13 , 11:15:38   ,121.45433999999999,24.99744,831,1750.42,14.22,95.0,9.99898224,6.25533963
2020/03/13 , 11:15:38   ,121.45443999999999,24.99749,830,1757.95,14.19,94.7,11.326576,6.5262293
2020/03/13 , 11:15:40   ,121.45456000000001,24.99755,830,1764.25,14.19,94.6,12.397932800000001,6.47321917
2020/03/13 , 11:15:41   ,121.45468999999999,24.99759,829,1772.21,14.18,94.3,12.325459500000001,4.5911449
2020/03/13 , 11:15:42   ,121.45481000000001,24.99762,828,1779.57,14.17,94.1,13.335326199999999,3.39665346
2020/03/13 , 11:15:43   ,121.45494,24.99765,827,1785.01,14.17,94.0,12.5926302,2.50254518
2020/03/13 , 11:15:44   ,121.45506999999999,24.99768,827,1791.93,14.14,93.8,12.229952800000001,4.23261051
2020/03/13 , 11:15:45   ,121.45518999999999,24.99772,826,1797.68,14.14,93.6,13.481525199999998,5.23184614
2020/03/13 , 11:15:46   ,121.45533999999999,24.997770000000003,825,1805.33,14.11,93.3,13.3576353,5.57666593
2020/03/13 , 11:15:47   ,121.45546999999999,24.99781,825,1812.5,14.09,93.2,14.011386499999999,4.58233388
2020/03/13 , 11:15:48   ,121.45561000000001,24.99784,824,1820.76,14.07,93.1,14.344526,3.25109882
2020/03/13 , 11:15:49   ,121.45573999999999,24.997870000000002,823,1827.49,14.03,92.8,11.599533599999999,3.65286786
2020/03/13 , 11:15:50   ,121.45586999999999,24.99791,823,1834.81,14.01,92.5,13.3215455,4.12115949
2020/03/13 , 11:15:51   ,121.45598000000001,24.99795,822,1839.69,13.99,92.3,11.6286356,4.21639525
2020/03/13 , 11:15:52   ,121.45608999999999,24.997989999999998,821,1844.59,13.96,92.2,11.186638400000001,3.62181219
2020/03/13 , 11:15:53   ,121.45621000000001,24.998,821,1853.09,13.93,92.0,12.091851199999999,2.16041953
2020/03/13 , 11:15:54   ,121.45631999999999,24.99802,820,1858.97,13.91,92.0,11.2636742,1.6652835
2020/03/13 , 11:15:54   ,121.45643000000001,24.99804,820,1864.87,13.89,91.9,10.778434800000001,2.21053452
2020/03/13 , 11:15:56   ,121.45653999999999,24.998070000000002,819,1872.06,13.85,91.8,10.1746849,4.158428
2020/03/13 , 11:15:56   ,121.45664,24.99811,818,1879.8,13.82,91.8,12.7748735,5.27064049
2020/03/13 , 11:15:57   ,121.45676999999999,24.998160000000002,818,1886.01,13.81,91.7,13.3463474,5.29497383
2020/03/13 , 11:15:58   ,121.45692,24.9982,817,1893.26,13.76,91.7,13.641198300000001,5.00547238
2020/03/13 , 11:15:59   ,121.45706000000001,24.99824,817,1899.88,13.72,91.7,14.5556655,3.95468678
2020/03/13 , 11:16:00   ,121.45721,24.99827,816,1906.0,13.7,91.7,14.076939000000001,2.96647632
2020/03/13 , 11:16:02   ,121.45733999999999,24.9983,815,1911.33,13.66,91.7,12.0115079,3.53973549
2020/03/13 , 11:16:02   ,121.45745,24.99834,815,1915.74,13.62,91.7,10.8704008,4.65456888
2020/03/13 , 11:16:03   ,121.45756000000002,24.998379999999997,814,1921.89,13.59,91.6,11.518292800000001,5.43483727
2020/03/13 , 11:16:04   ,121.45768999999999,24.99843,813,1927.84,13.56,91.6,13.123014900000001,4.92477659
2020/03/13 , 11:16:06   ,121.45782,24.99846,813,1934.11,13.52,91.6,12.658116699999999,4.21570301
2020/03/13 , 11:16:06   ,121.45796999999999,24.99849,812,1940.3,13.5,91.6,14.511408600000001,2.62670577
2020/03/13 , 11:16:07   ,121.45811,24.9985,812,1946.38,13.44,91.6,14.2395139,1.82159781
2020/03/13 , 11:16:08   ,121.45823999999999,24.998520000000003,811,1951.9,13.42,91.6,11.576781800000001,1.91029663
2020/03/13 , 11:16:09   ,121.45835,24.99854,810,1957.35,13.38,91.7,12.5294665,2.07423972
2020/03/13 , 11:16:11   ,121.45848000000001,24.99856,810,1963.09,13.36,91.5,12.0403799,3.5596666
2020/03/13 , 11:16:11   ,121.45861000000001,24.9986,809,1969.55,13.3,91.2,13.7918834,4.24557245
2020/03/13 , 11:16:12   ,121.45876000000001,24.99863,808,1975.88,13.27,91.0,14.4181446,3.21491156
2020/03/13 , 11:16:14   ,121.45891,24.99866,808,1982.8,13.24,90.9,14.819075400000001,2.49581861
2020/03/13 , 11:16:14   ,121.45903999999999,24.99867,807,1989.03,13.21,90.9,14.7335598,1.61879209
2020/03/13 , 11:16:15   ,121.45918,24.99869,807,1995.93,13.16,90.8,12.6185594,2.36833834
2020/03/13 , 11:16:16   ,121.45931000000002,24.998720000000002,806,2003.31,13.14,90.6,13.4127755,3.58390807
2020/03/13 , 11:16:18   ,121.45943999999999,24.99875,805,2011.18,13.09,90.4,11.906187800000001,4.70678342
2020/03/13 , 11:16:19   ,121.45957,24.9988,805,2016.02,13.06,90.2,14.219628699999998,4.8186117
2020/03/13 , 11:16:20   ,121.4597,24.99885,804,2022.28,13.02,90.0,13.5875294,4.77692921
2020/03/13 , 11:16:21   ,121.45983000000001,24.99889,803,2029.63,12.99,89.8,12.280531800000002,4.09233205
2020/03/13 , 11:16:22   ,121.45996000000001,24.998920000000002,803,2035.4,12.96,89.7,13.1411003,3.39362615
2020/03/13 , 11:16:23   ,121.46007,24.99895,802,2041.73,12.92,89.7,11.956566800000001,3.66461875
2020/03/13 , 11:16:24   ,121.4602,24.99898,801,2047.94,12.87,89.7,12.972773599999998,3.63426985
2020/03/13 , 11:16:25   ,121.46033999999999,24.999000000000002,801,2057.56,12.84,89.7,14.268197099999998,2.71922337
2020/03/13 , 11:16:26   ,121.46048,24.999000000000002,800,2064.82,12.82,89.7,14.975024,0.7062042070000001
2020/03/13 , 11:16:27   ,121.46061999999999,24.999000000000002,799,2072.43,12.78,89.8,14.363872699999998,-0.2833242
2020/03/13 , 11:16:28   ,121.46075,24.99899,799,2079.36,12.73,89.9,12.5872256,-0.426358697
2020/03/13 , 11:16:28   ,121.46088,24.999000000000002,798,2085.1,12.68,90.0,13.4604126,0.9577705670000001
2020/03/13 , 11:16:29   ,121.46101000000002,24.999010000000002,798,2090.42,12.66,90.1,13.487745,1.82840908
2020/03/13 , 11:16:31   ,121.46113999999999,24.999029999999998,797,2098.54,12.64,90.0,12.1350647,2.68139221
2020/03/13 , 11:16:31   ,121.46125,24.99904,796,2106.37,12.58,90.0,13.6776008,1.48827835
2020/03/13 , 11:16:32   ,121.46138,24.99905,796,2111.36,12.55,90.0,14.4401096,0.534542172
2020/03/13 , 11:16:34   ,121.46152,24.99906,795,2118.86,12.51,90.0,12.2557145,0.363741115
2020/03/13 , 11:16:35   ,121.46165,24.99907,794,2123.01,12.48,90.0,13.271370800000001,0.412432522
2020/03/13 , 11:16:36   ,121.46179,24.99908,794,2130.31,12.43,90.1,12.032713000000001,0.8667374859999999
2020/03/13 , 11:16:37   ,121.46191,24.99909,793,2133.11,12.39,90.2,14.036869099999999,0.915104282
2020/03/13 , 11:16:38   ,121.46205,24.99911,792,2139.86,12.36,90.2,13.260631400000001,1.51789191
2020/03/13 , 11:16:38   ,121.46218,24.99911,792,2147.05,12.33,90.4,13.041235499999999,0.478200399
2020/03/13 , 11:16:39   ,121.46231999999999,24.99911,791,2156.34,12.29,90.5,14.126045999999999,0.453800679
2020/03/13 , 11:16:40   ,121.46243999999999,24.99912,791,2162.29,12.25,90.6,12.4894372,0.825168734
2020/03/13 , 11:16:42   ,121.46255,24.99914,790,2169.85,12.23,90.6,11.6849651,3.1419087
2020/03/13 , 11:16:43   ,121.46266999999999,24.99917,789,2175.46,12.19,90.6,13.301075,3.35087263
2020/03/13 , 11:16:43   ,121.46281,24.99921,789,2180.72,12.15,90.7,14.4411834,3.79126761
2020/03/13 , 11:16:45   ,121.46295,24.99924,788,2187.67,12.12,90.7,14.226327599999998,3.10444213
2020/03/13 , 11:16:45   ,121.46309,24.99926,788,2193.42,12.09,90.8,15.176066800000001,1.03193944
2020/03/13 , 11:16:46   ,121.46321999999999,24.999270000000003,787,2197.9,12.05,90.8,13.370019400000002,0.24271155
2020/03/13 , 11:16:47   ,121.46336000000001,24.99928,786,2203.08,12.03,90.9,12.3417845,0.45039576200000003
2020/03/13 , 11:16:48   ,121.46349,24.99929,786,2209.41,11.98,91.0,12.1247096,1.42647143
2020/03/13 , 11:16:49   ,121.46361,24.99931,785,2216.96,11.95,91.1,12.8042534,2.11513864
2020/03/13 , 11:16:50   ,121.46373999999999,24.99932,785,2224.88,11.92,91.2,14.954313699999998,1.42676664
2020/03/13 , 11:16:51   ,121.46388,24.99933,784,2230.61,11.89,91.3,14.100192199999999,1.04535078
2020/03/13 , 11:16:52   ,121.46401000000002,24.99933,783,2238.65,11.84,91.2,12.933194,0.383848236
2020/03/13 , 11:16:53   ,121.46413000000001,24.99933,783,2245.08,11.82,91.1,12.422774,-0.94061465
2020/03/13 , 11:16:54   ,121.46425,24.99932,782,2250.0,11.78,90.9,11.125764199999999,-0.21168306399999998
2020/03/13 , 11:16:55   ,121.46436000000001,24.99933,782,2254.48,11.76,90.9,12.9016427,0.17114390699999998
2020/03/13 , 11:16:57   ,121.46446999999999,24.99933,781,2262.78,11.71,91.0,10.879495,2.24313558
2020/03/13 , 11:16:58   ,121.4646,24.99936,780,2269.57,11.67,91.0,13.5876834,2.24698998
2020/03/13 , 11:16:58   ,121.46475,24.99938,780,2275.71,11.65,91.1,16.4239533,2.2936222
2020/03/13 , 11:17:00   ,121.46489,24.99939,779,2284.32,11.6,91.0,13.5065414,2.03061766
2020/03/13 , 11:17:01   ,121.46502,24.99941,778,2291.57,11.59,90.9,13.2643642,1.58167968
2020/03/13 , 11:17:01   ,121.46513,24.99942,778,2298.94,11.54,90.9,13.935629500000001,1.45239934
2020/03/13 , 11:17:02   ,121.46526999999999,24.99943,777,2305.65,11.49,90.9,13.0001421,1.13965141
2020/03/13 , 11:17:04   ,121.4654,24.99944,777,2313.35,11.47,91.0,14.545021100000001,0.553678752
2020/03/13 , 11:17:04   ,121.46555,24.99944,776,2319.22,11.43,91.2,15.3612085,-0.713668559
2020/03/13 , 11:17:05   ,121.4657,24.99942,775,2325.5,11.39,91.3,14.877159400000002,-2.00089579
2020/03/13 , 11:17:06   ,121.46583999999999,24.99941,775,2331.59,11.35,91.4,14.300159699999998,-1.43742926
2020/03/13 , 11:17:07   ,121.46598,24.9994,774,2338.22,11.32,91.5,13.6150138,-0.589682817
2020/03/13 , 11:17:08   ,121.46611000000001,24.9994,774,2345.27,11.29,91.5,12.8120216,0.689389017
2020/03/13 , 11:17:10   ,121.46626,24.99941,773,2353.1,11.25,91.4,13.457842800000002,1.22949637
2020/03/13 , 11:17:10   ,121.46642,24.99941,772,2358.7,11.21,91.4,16.3064485,-0.38997799
2020/03/13 , 11:17:12   ,121.46656000000002,24.99942,772,2364.75,11.19,91.3,15.0965763,0.13965101300000002
2020/03/13 , 11:17:13   ,121.46671,24.99942,771,2370.36,11.12,91.1,13.6582033,0.0595955326
2020/03/13 , 11:17:13   ,121.46683999999999,24.99943,771,2376.03,11.1,90.9,13.280385399999998,0.0672186451
2020/03/13 , 11:17:14   ,121.46696999999999,24.99943,770,2382.55,11.06,90.7,13.1942543,0.941146699
2020/03/13 , 11:17:15   ,121.4671,24.99944,769,2389.71,11.03,90.6,14.1692611,0.797146245
2020/03/13 , 11:17:17   ,121.46723999999999,24.99945,769,2396.7,10.99,90.5,15.454530199999999,0.17803128199999999
2020/03/13 , 11:17:18   ,121.46739,24.99945,768,2402.76,10.95,90.4,15.645603099999999,-0.6967817
2020/03/13 , 11:17:19   ,121.46753999999999,24.99944,767,2409.82,10.91,90.4,15.6069584,-2.1989707000000003
2020/03/13 , 11:17:19   ,121.46768,24.99943,767,2416.73,10.87,90.4,13.907596799999999,-1.0505997
2020/03/13 , 11:17:21   ,121.46781999999999,24.99943,766,2422.62,10.84,90.5,13.9460273,-0.18256349800000002
2020/03/13 , 11:17:22   ,121.46796,24.99945,765,2428.23,10.79,91.2,14.4430782,1.73757455
2020/03/13 , 11:17:23   ,121.4681,24.999470000000002,765,2437.2,10.76,91.7,14.9654152,2.57959661
2020/03/13 , 11:17:23   ,121.46826000000001,24.9995,764,2443.61,10.71,92.0,17.533795,2.35819861
2020/03/13 , 11:17:24   ,121.46841,24.99951,764,2450.59,10.67,92.4,15.918308600000001,1.44027613
2020/03/13 , 11:17:25   ,121.46855,24.99952,763,2459.01,10.64,92.8,13.9240949,0.642030659
2020/03/13 , 11:17:26   ,121.46868,24.99951,762,2466.58,10.6,93.0,14.127891199999999,-0.557555963
2020/03/13 , 11:17:28   ,121.46882,24.99951,762,2476.79,10.56,93.0,13.1138647,0.025176843799999998
2020/03/13 , 11:17:29   ,121.46897,24.99951,761,2483.06,10.51,93.0,16.5134546,-0.325724226
2020/03/13 , 11:17:30   ,121.46911000000001,24.9995,760,2490.95,10.48,93.1,14.4638669,0.0252442356
2020/03/13 , 11:17:31   ,121.46923000000001,24.999489999999998,760,2501.17,10.44,93.7,12.4603578,-0.137014312
2020/03/13 , 11:17:32   ,121.46935,24.999489999999998,759,2507.74,10.41,94.0,13.4467165,-0.403787203
2020/03/13 , 11:17:32   ,121.46948,24.99948,759,2513.88,10.37,94.4,13.476902800000001,-0.999141754
2020/03/13 , 11:17:34   ,121.46961,24.999489999999998,758,2521.56,10.34,94.6,12.4143398,1.25662467
2020/03/13 , 11:17:34   ,121.46973999999999,24.99951,757,2528.18,10.31,94.7,15.040865799999999,2.36071603
2020/03/13 , 11:17:37   ,121.47006,24.99952,756,2540.99,10.22,94.8,15.8039369,0.226196645
2020/03/13 , 11:17:38   ,121.47023,24.99952,755,2549.27,10.19,94.8,15.6914428,-1.22116609
2020/03/13 , 11:17:39   ,121.47038,24.99951,755,2554.58,10.17,94.9,16.5207422,-1.75680947
2020/03/13 , 11:17:40   ,121.47053999999999,24.999489999999998,754,2564.32,10.12,94.9,15.296168599999998,-1.0669296
2020/03/13 , 11:17:41   ,121.4707,24.999489999999998,753,2569.6,10.08,94.8,17.514170999999997,-1.64940858
2020/03/13 , 11:17:42   ,121.47086999999999,24.999470000000002,753,2578.18,10.05,94.7,16.2739763,-1.96072225
2020/03/13 , 11:17:43   ,121.47103,24.99945,752,2584.86,10.02,94.6,17.0195074,-2.4464845
2020/03/13 , 11:17:43   ,121.47118,24.99943,752,2590.57,9.98,94.6,14.940184400000001,-2.0731219
2020/03/13 , 11:17:44   ,121.47131,24.99942,751,2598.36,9.95,94.5,13.3518485,-0.314653748
2020/03/13 , 11:17:45   ,121.47143,24.99943,750,2603.83,9.9,94.5,14.906217800000002,0.987456824
2020/03/13 , 11:17:46   ,121.47158,24.99944,750,2609.5,9.87,94.5,15.1122667,1.68175974
2020/03/13 , 11:17:47   ,121.47171999999999,24.99943,749,2618.55,9.83,94.4,15.0292679,0.196743893
2020/03/13 , 11:17:48   ,121.47187,24.99943,749,2624.25,9.77,94.4,16.3708193,-0.826445375
2020/03/13 , 11:17:50   ,121.47202,24.99942,748,2631.04,9.74,94.3,15.2041578,-1.9207318
2020/03/13 , 11:17:50   ,121.47216,24.99942,747,2634.66,9.7,94.1,13.580747699999998,0.38171678
2020/03/13 , 11:17:51   ,121.4723,24.99942,747,2641.48,9.64,94.0,14.977759299999999,0.0235270286
2020/03/13 , 11:17:53   ,121.47246000000001,24.99942,746,2649.86,9.6,93.6,15.529093300000001,1.36408195
2020/03/13 , 11:17:53   ,121.47261,24.99942,745,2657.7,9.55,93.2,17.358543700000002,0.615273865
2020/03/13 , 11:17:54   ,121.47277,24.99943,745,2664.09,9.53,92.8,16.7604026,1.19258011
2020/03/13 , 11:17:55   ,121.47292,24.99943,744,2671.83,9.47,92.3,14.5303033,-0.296755161
2020/03/13 , 11:17:57   ,121.47305,24.99941,743,2679.58,9.43,91.8,13.2166082,-2.27577862
2020/03/13 , 11:17:57   ,121.47318999999999,24.99938,743,2684.31,9.4,91.4,14.7967894,-4.03129347
2020/03/13 , 11:17:58   ,121.47333,24.99933,742,2689.11,9.36,91.1,14.1579557,-5.00525393
2020/03/13 , 11:17:59   ,121.47348000000001,24.99929,742,2696.16,9.31,90.9,15.4668375,-3.6134769999999996
2020/03/13 , 11:18:00   ,121.47363999999999,24.999270000000003,741,2701.47,9.28,90.7,17.1545172,-2.34377643
2020/03/13 , 11:18:01   ,121.47381000000001,24.99925,741,2709.1,9.25,90.6,16.6399584,-0.5781724079999999
2020/03/13 , 11:18:02   ,121.47397,24.99926,740,2714.17,9.22,90.5,15.970527800000003,1.21484665
2020/03/13 , 11:18:04   ,121.47411000000001,24.999270000000003,739,2719.62,9.16,90.2,13.8385389,2.31329436
2020/03/13 , 11:18:04   ,121.47423,24.99928,739,2726.54,9.12,89.9,12.962362400000002,1.55714197
2020/03/13 , 11:18:05   ,121.47435,24.99928,739,2732.74,9.08,89.6,13.783707199999998,-0.257440977
2020/03/13 , 11:18:06   ,121.47448999999999,24.999270000000003,738,2740.35,9.03,89.4,13.997784,-0.8733079340000001
2020/03/13 , 11:18:08   ,121.47464,24.99926,737,2748.43,9.0,89.2,14.724268200000001,-0.516755796
2020/03/13 , 11:18:09   ,121.4748,24.99925,737,2756.97,8.97,89.0,16.7001827,-0.294418403
2020/03/13 , 11:18:10   ,121.47495,24.99924,736,2763.14,8.93,88.8,16.0369972,-0.24632996399999998
2020/03/13 , 11:18:10   ,121.4751,24.999229999999997,735,2769.95,8.89,88.5,16.1201166,-1.63457926
2020/03/13 , 11:18:11   ,121.47527,24.99921,735,2775.23,8.86,88.2,17.052929199999998,-2.44825102
2020/03/13 , 11:18:12   ,121.47543,24.99919,734,2780.25,8.81,88.0,17.7592784,-2.36959366
2020/03/13 , 11:18:13   ,121.47561,24.99917,734,2786.43,8.79,87.7,16.9759413,-1.93716558
2020/03/13 , 11:18:14   ,121.4758,24.99916,733,2793.45,8.74,87.6,17.7021723,-0.782180254
2020/03/13 , 11:18:15   ,121.47595,24.99916,732,2800.74,8.7,87.3,15.2212775,0.5315387229999999
2020/03/13 , 11:18:16   ,121.47608999999999,24.99916,732,2806.56,8.67,87.3,14.401079000000001,0.221202089
2020/03/13 , 11:18:18   ,121.47622,24.99916,731,2813.54,8.64,87.2,12.507773199999999,-0.471755453
2020/03/13 , 11:18:19   ,121.47634,24.99914,731,2820.92,8.59,87.2,12.387979,-2.24011152
2020/03/13 , 11:18:19   ,121.47646999999999,24.99912,730,2828.48,8.55,87.2,14.0966101,-1.73334355
2020/03/13 , 11:18:20   ,121.47661000000001,24.99911,730,2834.34,8.52,87.2,12.8147538,-0.34675704799999996
2020/03/13 , 11:18:22   ,121.47673999999999,24.99911,729,2841.64,8.48,87.1,12.930101800000001,-0.10832550199999999
2020/03/13 , 11:18:22   ,121.47686000000002,24.9991,728,2847.88,8.44,87.2,13.413248199999998,-0.13110316800000002
2020/03/13 , 11:18:24   ,121.477,24.99911,728,2855.07,8.41,87.2,12.719367,0.0443991468
2020/03/13 , 11:18:25   ,121.47713999999999,24.9991,727,2862.29,8.37,87.1,14.254184699999998,-0.659744011
2020/03/13 , 11:18:25   ,121.47731,24.99909,727,2868.22,8.33,87.1,16.8384872,-1.44060715
2020/03/13 , 11:18:26   ,121.47747,24.99907,726,2874.48,8.28,87.1,15.4438547,-1.71593153
2020/03/13 , 11:18:28   ,121.47762,24.99905,725,2881.84,8.25,86.9,13.454913500000002,-2.28297544
2020/03/13 , 11:18:29   ,121.47774,24.99902,725,2891.1,8.21,86.8,12.3861224,-2.81860508
2020/03/13 , 11:18:29   ,121.47787,24.99899,724,2896.15,8.18,86.8,13.760286800000001,-3.58428624
2020/03/13 , 11:18:31   ,121.478,24.99896,723,2902.33,8.12,86.6,12.014617,-3.86904027
2020/03/13 , 11:18:31   ,121.47813000000001,24.998929999999998,723,2911.09,8.08,86.3,13.3246697,-2.4912372000000005
2020/03/13 , 11:18:32   ,121.47827,24.998910000000002,722,2918.38,8.05,86.2,16.2500599,-1.779671
2020/03/13 , 11:18:34   ,121.47842,24.99889,721,2925.82,7.99,86.0,14.6312383,-2.13446683
2020/03/13 , 11:18:35   ,121.47856000000002,24.99887,721,2935.96,7.97,85.8,12.1050819,-2.73910039
2020/03/13 , 11:18:36   ,121.47868000000001,24.998839999999998,720,2945.54,7.92,85.5,11.7406304,-2.81000849
2020/03/13 , 11:18:36   ,121.47878999999999,24.99881,720,2949.69,7.89,85.4,15.4851404,-3.62060336
2020/03/13 , 11:18:38   ,121.47893,24.99879,719,2957.52,7.82,85.3,11.9201601,-1.33284708
2020/03/13 , 11:18:39   ,121.47905,24.9988,718,2963.59,7.79,85.1,13.9309593,0.613110983
2020/03/13 , 11:18:40   ,121.4792,24.9988,717,2971.4,7.75,84.9,14.289747,1.82295443
2020/03/13 , 11:18:40   ,121.47934,24.998820000000002,717,2977.43,7.7,84.8,14.061085999999998,2.00118889
2020/03/13 , 11:18:42   ,121.47948000000001,24.998839999999998,716,2982.84,7.67,84.7,13.450722199999998,1.63724494
2020/03/13 , 11:18:43   ,121.47961000000001,24.99885,716,2989.36,7.62,84.7,14.1447389,0.553275789
2020/03/13 , 11:18:44   ,121.47977,24.998829999999998,715,2995.57,7.59,84.7,15.900019199999997,-1.51699485
2020/03/13 , 11:18:45   ,121.47991999999999,24.99881,715,3001.95,7.54,84.8,16.3370359,-3.645773
2020/03/13 , 11:18:45   ,121.48008,24.99877,714,3006.69,7.49,84.8,16.4186739,-4.92583824
2020/03/13 , 11:18:46   ,121.48023,24.998720000000002,713,3012.1,7.42,84.8,14.3567857,-5.5945904
2020/03/13 , 11:18:48   ,121.48037,24.99868,713,3021.94,7.39,84.8,12.668535499999999,-3.80556348
2020/03/13 , 11:18:49   ,121.4805,24.99865,712,3029.95,7.34,84.8,12.780519400000001,-1.88954222
2020/03/13 , 11:18:50   ,121.48063,24.998639999999998,712,3035.69,7.31,84.9,14.263600400000001,-1.16516286
2020/03/13 , 11:18:50   ,121.48076,24.99863,711,3043.24,7.25,85.0,13.008030699999999,-1.23649312
2020/03/13 , 11:18:51   ,121.48088999999999,24.99861,710,3051.19,7.2,85.0,12.2716972,-2.14837578
2020/03/13 , 11:18:52   ,121.48100000000001,24.99858,710,3058.05,7.16,85.0,11.1764468,-3.0219157
2020/03/13 , 11:18:54   ,121.48122,24.99854,709,3072.64,7.07,85.1,11.4715065,-0.128143287
2020/03/13 , 11:18:55   ,121.48133999999999,24.99855,708,3079.62,7.04,85.3,12.709260800000001,0.6327044820000001
2020/03/13 , 11:18:56   ,121.48146000000001,24.99856,707,3085.12,7.0,85.5,14.288600400000002,1.1998473
2020/03/13 , 11:18:57   ,121.48159,24.99857,707,3092.74,6.95,85.6,14.4724891,0.8927817229999999
2020/03/13 , 11:18:58   ,121.48172,24.99857,706,3099.49,6.9,85.8,14.2382484,-0.420094129
2020/03/13 , 11:18:59   ,121.48185,24.99857,706,3106.41,6.86,85.9,12.8761657,-0.632002273
2020/03/13 , 11:19:00   ,121.48196999999999,24.99856,705,3114.15,6.82,86.0,12.1025254,-0.07815578549999999
2020/03/13 , 11:19:01   ,121.48208999999999,24.99856,704,3121.51,6.78,86.2,12.8582934,0.379379078
2020/03/13 , 11:19:02   ,121.48222,24.99856,704,3128.01,6.74,86.3,13.4579888,-0.0963049918
2020/03/13 , 11:19:04   ,121.48235,24.99854,703,3135.54,6.68,86.3,13.653381900000001,-1.86785305
2020/03/13 , 11:19:04   ,121.48248000000001,24.998520000000003,703,3142.42,6.64,86.4,15.257793099999999,-2.88298994
2020/03/13 , 11:19:06   ,121.48263,24.99849,702,3150.78,6.59,86.5,13.560851199999998,-2.67528376
2020/03/13 , 11:19:07   ,121.48275,24.99847,701,3158.54,6.55,86.3,13.222799400000001,-1.69153404
2020/03/13 , 11:19:09   ,121.48318,24.9984,700,3180.54,6.42,86.3,13.430591699999999,-3.12292566
2020/03/13 , 11:19:10   ,121.4833,24.99837,699,3187.18,6.37,86.5,13.847396599999998,-2.95093391
2020/03/13 , 11:19:11   ,121.48343,24.99835,698,3195.06,6.33,86.7,12.0137603,-1.8512411
2020/03/13 , 11:19:12   ,121.48356000000001,24.99833,698,3202.51,6.28,86.7,12.6717133,-0.604232644
2020/03/13 , 11:19:13   ,121.4837,24.99833,697,3209.28,6.23,86.7,13.9940861,-0.10014129
2020/03/13 , 11:19:14   ,121.48385,24.99833,697,3214.87,6.2,86.8,14.170684,-0.5988828939999999
2020/03/13 , 11:19:16   ,121.48414,24.9983,695,3229.32,6.11,86.9,13.948355900000001,-2.39676589
2020/03/13 , 11:19:18   ,121.48427,24.998279999999998,695,3236.37,6.05,87.1,13.3608637,-1.70682597
2020/03/13 , 11:19:19   ,121.48441000000001,24.99827,694,3244.84,6.01,87.2,13.979587900000002,-0.427115039
2020/03/13 , 11:19:20   ,121.48455,24.99827,693,3251.34,5.98,87.5,15.313855300000002,0.0320733104
2020/03/13 , 11:19:21   ,121.48468999999999,24.998260000000002,693,3257.96,5.94,88.0,14.986109099999998,-0.007846709070000001
2020/03/13 , 11:19:21   ,121.48483,24.99825,692,3264.47,5.89,88.5,14.926767000000002,-0.8815846540000001
2020/03/13 , 11:19:22   ,121.48498000000001,24.99825,692,3271.16,5.86,88.9,13.809824300000002,-0.704408513
2020/03/13 , 11:19:23   ,121.48511,24.99824,691,3278.03,5.82,89.2,13.8021119,-0.414459258
2020/03/13 , 11:19:24   ,121.48525,24.99823,691,3285.78,5.78,89.5,14.5221152,-0.0557611933
2020/03/13 , 11:19:26   ,121.48541000000002,24.99823,690,3293.72,5.74,89.8,15.5604755,-0.325945496
2020/03/13 , 11:19:26   ,121.48557,24.99821,689,3299.61,5.7,90.2,17.886114399999997,-1.72853846
2020/03/13 , 11:19:28   ,121.48588000000001,24.998160000000002,688,3314.5,5.61,90.8,14.0375707,-2.99146076
2020/03/13 , 11:19:29   ,121.48602,24.99814,688,3320.8,5.58,91.1,15.184881200000001,-2.20711522
2020/03/13 , 11:19:30   ,121.48617,24.99813,687,3327.33,5.56,91.4,14.3004395,-0.884673713
2020/03/13 , 11:19:31   ,121.48631,24.99813,687,3334.41,5.49,91.5,15.258349599999999,0.290311222
2020/03/13 , 11:19:32   ,121.48646000000001,24.99813,686,3340.67,5.47,91.6,15.0664309,-0.652545458
2020/03/13 , 11:19:33   ,121.48661000000001,24.99812,685,3347.32,5.44,91.7,15.465415300000002,-1.56546564
2020/03/13 , 11:19:35   ,121.48678000000001,24.9981,685,3355.93,5.39,91.7,14.3461896,-1.70560078
2020/03/13 , 11:19:35   ,121.48692,24.998089999999998,684,3361.75,5.34,91.8,15.059291,-1.87039584
2020/03/13 , 11:19:36   ,121.48706999999999,24.998070000000002,683,3368.28,5.31,91.8,14.3599834,-1.99005787
2020/03/13 , 11:19:37   ,121.48722,24.99804,683,3378.03,5.28,91.9,13.8605109,-3.33273179
2020/03/13 , 11:19:38   ,121.48737,24.99801,682,3384.8,5.24,91.9,15.682360699999998,-4.16103223
2020/03/13 , 11:19:39   ,121.48751000000001,24.997970000000002,682,3392.66,5.19,92.0,13.557390400000001,-3.70888231
2020/03/13 , 11:19:41   ,121.48778999999999,24.99791,680,3408.15,5.12,92.1,14.4798371,-1.89088277
2020/03/13 , 11:19:42   ,121.48795,24.997889999999998,680,3414.49,5.09,92.2,16.798607,-2.7328173
2020/03/13 , 11:19:43   ,121.48811,24.997870000000002,679,3421.6,5.05,92.3,15.7868508,-2.48062424
2020/03/13 , 11:19:44   ,121.48828,24.99784,679,3427.37,5.01,92.4,16.9244582,-3.67775334
2020/03/13 , 11:19:45   ,121.48845,24.99781,678,3434.02,4.97,92.5,16.1061926,-3.50582896
2020/03/13 , 11:19:46   ,121.4886,24.99779,678,3440.53,4.93,92.5,15.015507399999999,-1.92885851
2020/03/13 , 11:19:47   ,121.48877,24.99778,677,3447.68,4.88,92.6,16.6042777,-1.62221216
2020/03/13 , 11:19:48   ,121.48893999999999,24.997770000000003,676,3453.24,4.85,92.6,17.4264258,-1.18495894
2020/03/13 , 11:19:49   ,121.4891,24.99776,676,3460.98,4.82,92.7,16.0250511,-2.25787862
2020/03/13 , 11:19:50   ,121.48925,24.997729999999997,675,3467.42,4.78,92.8,16.3214083,-2.95139142
2020/03/13 , 11:19:52   ,121.4894,24.99771,675,3476.71,4.73,92.9,13.7360453,-2.80461793
2020/03/13 , 11:19:52   ,121.48955,24.99768,674,3484.9,4.69,93.0,14.301842,-2.28566386
2020/03/13 , 11:19:53   ,121.48969,24.99766,673,3491.74,4.66,93.0,14.926249900000002,-1.69535369
2020/03/13 , 11:19:54   ,121.48983999999999,24.99764,673,3500.02,4.61,93.1,14.9015221,-2.02800816
2020/03/13 , 11:19:55   ,121.48998999999999,24.99762,672,3507.16,4.58,93.2,16.368725599999998,-3.12250141
2020/03/13 , 11:19:56   ,121.49015,24.99759,672,3513.97,4.53,93.2,16.1394394,-3.48357368
2020/03/13 , 11:19:58   ,121.49032,24.99756,671,3523.4,4.49,93.1,15.255801199999999,-2.52831721
2020/03/13 , 11:19:58   ,121.49048,24.997529999999998,671,3532.52,4.44,93.1,16.701590900000003,-1.41127876
2020/03/13 , 11:19:59   ,121.49065,24.99752,670,3539.32,4.39,93.1,17.9934837,-1.23929346
2020/03/13 , 11:20:00   ,121.4908,24.997510000000002,669,3546.81,4.36,93.1,14.872032,-1.70497227
2020/03/13 , 11:20:01   ,121.49094,24.99749,669,3553.37,4.3,93.1,15.200602400000001,-2.21481867
2020/03/13 , 11:20:02   ,121.4911,24.99747,668,3561.45,4.27,93.2,14.2811646,-2.01217058
2020/03/13 , 11:20:03   ,121.49125,24.99746,668,3567.78,4.22,93.1,15.056332000000001,-1.77936974
2020/03/13 , 11:20:04   ,121.49141999999999,24.99744,667,3573.93,4.19,93.0,17.839536600000002,-2.13355193
2020/03/13 , 11:20:06   ,121.4916,24.99742,666,3580.99,4.13,93.0,17.4460974,-2.90382681
2020/03/13 , 11:20:06   ,121.49178,24.99739,666,3588.32,4.09,92.8,18.2821336,-3.26971394
2020/03/13 , 11:20:08   ,121.49197,24.99736,665,3596.72,4.05,92.7,18.1914525,-3.57231841
2020/03/13 , 11:20:09   ,121.49217,24.997329999999998,664,3607.01,4.0,92.7,17.2750699,-2.08133608
2020/03/13 , 11:20:09   ,121.49233999999998,24.997320000000002,664,3615.72,3.95,92.8,18.105456,-1.52353995
2020/03/13 , 11:20:10   ,121.49251000000001,24.99731,663,3622.28,3.91,93.0,17.613213000000002,-0.8984109379999999
2020/03/13 , 11:20:11   ,121.49268000000001,24.9973,663,3629.84,3.87,93.1,18.1392741,-0.8903320109999999
2020/03/13 , 11:20:12   ,121.49286000000001,24.99729,662,3637.9,3.83,93.1,18.4819958,-1.82846058
2020/03/13 , 11:20:13   ,121.49303,24.99727,662,3642.32,3.8,93.0,16.807108,-3.12108204
2020/03/13 , 11:20:14   ,121.49318999999998,24.99725,661,3649.85,3.76,92.9,14.864176800000001,-2.5781772000000003
2020/03/13 , 11:20:15   ,121.49333,24.99723,661,3658.34,3.71,92.9,13.8357914,-1.49816152
2020/03/13 , 11:20:16   ,121.49348,24.99723,660,3665.4,3.67,93.0,15.327063199999998,-0.602201952
2020/03/13 , 11:20:17   ,121.49363999999998,24.997220000000002,659,3673.85,3.65,93.1,15.9895591,-0.577927305
2020/03/13 , 11:20:18   ,121.49378999999999,24.99721,659,3681.39,3.6,93.4,16.211314,-1.07959621
2020/03/13 , 11:20:19   ,121.49395,24.9972,658,3687.63,3.55,93.7,17.4945416,-1.7369365
2020/03/13 , 11:20:21   ,121.49412,24.99719,658,3694.98,3.52,93.9,16.3209193,-1.49106445
2020/03/13 , 11:20:21   ,121.49428999999999,24.99718,657,3701.11,3.47,94.1,16.6803494,-0.614555851
2020/03/13 , 11:20:22   ,121.49445,24.99718,656,3707.43,3.42,94.1,17.0164635,-0.0831587901
2020/03/13 , 11:20:23   ,121.49463,24.99719,656,3713.43,3.39,94.1,17.8332019,0.0684749161
2020/03/13 , 11:20:24   ,121.49481999999999,24.99718,655,3720.49,3.36,94.1,19.2369342,-0.846630545
2020/03/13 , 11:20:25   ,121.49502,24.99716,655,3727.75,3.31,94.1,18.4944118,-2.29376752
2020/03/13 , 11:20:26   ,121.4952,24.99713,654,3733.24,3.28,94.0,19.1403587,-3.04180913
2020/03/13 , 11:20:27   ,121.49538999999999,24.9971,654,3741.0,3.23,93.8,16.0953987,-2.50320661
2020/03/13 , 11:20:28   ,121.49555,24.99708,653,3748.32,3.2,93.6,16.3394609,-1.67410919
2020/03/13 , 11:20:29   ,121.49571,24.99707,653,3755.2,3.17,93.3,16.3646922,-0.254220253
2020/03/13 , 11:20:30   ,121.49587,24.99707,652,3761.34,3.12,93.1,16.7620205,-0.898996514
2020/03/13 , 11:20:31   ,121.49604,24.99705,651,3768.15,3.07,92.9,16.318499900000003,-2.11940309
2020/03/13 , 11:20:32   ,121.4962,24.99704,651,3774.07,3.03,92.8,16.7301829,-2.4287425
2020/03/13 , 11:20:33   ,121.49636000000001,24.997020000000003,650,3782.26,3.01,92.9,14.5617388,-1.44575469
2020/03/13 , 11:20:35   ,121.4965,24.997020000000003,649,3789.03,2.94,93.0,13.8368293,0.53639452
2020/03/13 , 11:20:35   ,121.49666,24.997020000000003,649,3797.06,2.9,93.0,17.104187200000002,0.48672606
2020/03/13 , 11:20:36   ,121.49683,24.997020000000003,648,3804.42,2.87,92.9,18.899492199999997,0.138542995
2020/03/13 , 11:20:37   ,121.49700000000001,24.997020000000003,648,3812.3,2.83,92.9,17.268752199999998,-0.889906422
2020/03/13 , 11:20:38   ,121.49718,24.997,647,3818.08,2.78,92.9,17.6721755,-2.81164603
2020/03/13 , 11:20:39   ,121.49735,24.996979999999997,647,3824.59,2.76,93.1,16.9138095,-2.86986694
2020/03/13 , 11:20:41   ,121.49752,24.99696,646,3833.81,2.71,93.3,15.507779399999999,-1.50415691
2020/03/13 , 11:20:41   ,121.49768999999999,24.99695,645,3840.68,2.68,93.5,18.586689800000002,-1.14983571
2020/03/13 , 11:20:42   ,121.49786,24.99694,645,3848.01,2.65,93.6,15.93825,-1.16204199
2020/03/13 , 11:20:43   ,121.49802,24.99693,644,3857.35,2.61,93.7,16.3601259,-1.9421395000000001
2020/03/13 , 11:20:44   ,121.49819,24.9969,644,3865.65,2.56,93.7,17.806597399999998,-2.95424947
2020/03/13 , 11:20:45   ,121.49837,24.996879999999997,643,3873.29,2.54,93.7,18.9791149,-2.55258615
2020/03/13 , 11:20:46   ,121.49856000000001,24.99687,643,3879.9,2.51,93.6,18.4721562,-1.47001119
2020/03/13 , 11:20:48   ,121.49895,24.996879999999997,642,3893.5,2.44,93.4,21.3130278,0.714473873
2020/03/13 , 11:20:49   ,121.49916,24.99689,641,3900.75,2.42,93.2,19.8944296,-0.024305643
2020/03/13 , 11:20:50   ,121.49937,24.996879999999997,640,3909.41,2.37,93.0,19.3450848,-1.21708957
2020/03/13 , 11:20:51   ,121.49955,24.99687,640,3916.09,2.34,92.9,19.290312,-2.00707181
2020/03/13 , 11:20:52   ,121.49972,24.99686,639,3921.36,2.31,92.8,16.938380600000002,-1.60114839
2020/03/13 , 11:20:53   ,121.49989,24.99685,639,3930.48,2.29,92.6,15.499953699999999,-0.0378736071
2020/03/13 , 11:20:54   ,121.50006,24.99686,638,3934.98,2.26,92.5,17.132635,0.5563743170000001
2020/03/13 , 11:20:55   ,121.50023,24.99687,638,3941.49,2.22,92.4,17.101404300000002,0.576276294
2020/03/13 , 11:20:56   ,121.5004,24.99687,637,3949.49,2.2,92.3,16.4888638,-0.0287785255
2020/03/13 , 11:20:57   ,121.50056000000001,24.99686,637,3956.8,2.17,92.3,16.2107952,-0.906324157
2020/03/13 , 11:20:59   ,121.50085,24.99685,635,3972.87,2.09,92.3,14.701969400000001,0.5185423610000001
2020/03/13 , 11:21:00   ,121.50101000000001,24.99685,635,3980.84,2.06,92.2,16.5655014,0.361460526
2020/03/13 , 11:21:01   ,121.50118,24.99685,634,3989.39,2.02,92.1,16.222808800000003,-0.722487729
2020/03/13 , 11:21:02   ,121.50133999999998,24.99684,634,3995.65,1.99,91.9,17.098407,-1.43278812
2020/03/13 , 11:21:04   ,121.50151000000001,24.99682,633,4004.45,1.94,91.6,15.3245454,-1.70809087
2020/03/13 , 11:21:05   ,121.50166999999999,24.99682,632,4012.66,1.91,91.4,16.9908022,-0.830988862
2020/03/13 , 11:21:05   ,121.50183999999999,24.99681,632,4021.03,1.88,91.3,17.7342597,-0.678181777
2020/03/13 , 11:21:06   ,121.50201000000001,24.99679,631,4030.06,1.86,91.2,17.3839927,-1.78112987
2020/03/13 , 11:21:07   ,121.50218999999998,24.99677,631,4036.92,1.82,91.2,18.3846182,-3.01718659
2020/03/13 , 11:21:08   ,121.50236000000001,24.99674,630,4044.69,1.78,91.1,16.7131425,-3.09458078
2020/03/13 , 11:21:10   ,121.50253000000001,24.99672,629,4054.24,1.72,91.1,15.0934607,-1.01838323
2020/03/13 , 11:21:10   ,121.50268999999999,24.99673,629,4059.95,1.69,91.0,18.568464000000002,-0.492718461
2020/03/13 , 11:21:11   ,121.50286000000001,24.99673,628,4066.03,1.67,91.0,17.2140064,0.432726282
2020/03/13 , 11:21:12   ,121.50303999999998,24.99673,628,4073.26,1.61,91.0,16.614979199999997,-0.719614967
2020/03/13 , 11:21:13   ,121.50321000000001,24.99672,627,4080.18,1.57,91.0,17.213150199999998,-1.42727752
2020/03/13 , 11:21:14   ,121.50339,24.99671,627,4088.2,1.53,91.1,17.9696676,-1.48053315
2020/03/13 , 11:21:15   ,121.50357,24.9967,626,4096.12,1.49,91.1,17.1888677,0.0270002324
2020/03/13 , 11:21:16   ,121.50376000000001,24.99671,626,4104.71,1.45,91.1,17.7464293,1.30633039
2020/03/13 , 11:21:17   ,121.50393999999999,24.99673,625,4109.94,1.41,91.1,20.016153600000003,1.95202037
2020/03/13 , 11:21:18   ,121.50413999999999,24.99674,624,4117.88,1.38,91.2,18.977393499999998,1.8139445
2020/03/13 , 11:21:19   ,121.50433000000001,24.99675,624,4125.87,1.33,91.3,19.171403899999998,0.5924377679999999
2020/03/13 , 11:21:20   ,121.50452,24.99675,623,4131.3,1.28,91.5,19.8388569,-0.814152013
2020/03/13 , 11:21:21   ,121.50469,24.99675,623,4139.3,1.25,91.5,16.7332966,-0.0350461858
2020/03/13 , 11:21:22   ,121.50487,24.996760000000002,622,4146.21,1.2,91.6,17.7635802,0.710353771
2020/03/13 , 11:21:23   ,121.50505,24.99677,622,4154.32,1.16,91.7,17.11887,1.51878405
2020/03/13 , 11:21:25   ,121.50523000000001,24.99679,621,4162.57,1.13,91.9,17.385945899999996,0.825982835
2020/03/13 , 11:21:25   ,121.50542,24.9968,620,4170.99,1.05,92.1,18.5055327,-0.0290684467
2020/03/13 , 11:21:26   ,121.50561,24.9968,620,4177.58,1.03,92.3,20.4994492,-0.150271503
2020/03/13 , 11:21:27   ,121.50578999999999,24.99681,619,4185.16,1.01,92.5,19.088795,1.34486269
2020/03/13 , 11:21:28   ,121.50598000000001,24.99683,619,4194.17,0.96,92.7,17.6558698,2.73642851
2020/03/13 , 11:21:29   ,121.50615,24.99686,618,4200.51,0.91,93.0,18.2477245,3.25698698
2020/03/13 , 11:21:30   ,121.50632,24.996879999999997,618,4208.88,0.87,93.2,17.2971129,2.54496188
2020/03/13 , 11:21:31   ,121.50648999999999,24.99689,617,4217.56,0.83,93.4,16.1396639,0.577711604
2020/03/13 , 11:21:32   ,121.50663999999999,24.99689,617,4225.16,0.79,93.6,16.67643,-1.34468317
2020/03/13 , 11:21:33   ,121.50681000000002,24.99687,616,4232.78,0.75,93.8,17.2746108,-3.22037484
2020/03/13 , 11:21:34   ,121.50698999999999,24.99684,615,4241.24,0.7,94.1,18.333726300000002,-3.76670832
2020/03/13 , 11:21:35   ,121.50719,24.99681,615,4249.33,0.67,94.4,20.014488800000002,-3.00547173
2020/03/13 , 11:21:36   ,121.5074,24.996779999999998,614,4258.56,0.63,94.7,20.475537300000003,-2.88493794
2020/03/13 , 11:21:37   ,121.5076,24.996760000000002,614,4261.95,0.58,95.0,22.8592884,-3.18825605
2020/03/13 , 11:21:38   ,121.50781,24.99673,613,4267.82,0.54,95.2,21.10323,-4.19769343
2020/03/13 , 11:21:39   ,121.50802,24.9967,613,4273.77,0.51,95.5,20.205528899999997,-5.04155008
2020/03/13 , 11:21:40   ,121.50823999999999,24.99665,612,4279.89,0.46,95.7,22.165644600000004,-6.13874575
2020/03/13 , 11:21:41   ,121.50846000000001,24.99661,612,4285.83,0.43,95.9,21.614381299999998,-4.41714194
2020/03/13 , 11:21:42   ,121.50868,24.996579999999998,611,4293.63,0.4,96.1,21.184519199999997,-2.24153675
2020/03/13 , 11:21:43   ,121.50888,24.996560000000002,611,4302.76,0.35,96.4,21.6701822,-1.02573045
2020/03/13 , 11:21:44   ,121.5091,24.996560000000002,610,4309.47,0.32,96.6,22.6299548,-0.391056466
2020/03/13 , 11:21:45   ,121.50932,24.996560000000002,610,4314.76,0.29,96.8,22.468853699999997,-0.525584168
2020/03/13 , 11:21:46   ,121.50953999999999,24.99654,609,4321.16,0.26,97.1,22.392993,-2.90436785
2020/03/13 , 11:21:47   ,121.50976999999999,24.9965,609,4328.43,0.23,97.3,22.8327157,-4.80744601
2020/03/13 , 11:21:48   ,121.51,24.99645,608,4334.22,0.2,97.5,24.623392199999998,-6.22153139
2020/03/13 , 11:21:49   ,121.51025,24.9964,608,4341.59,0.15,97.6,23.6838533,-5.4373794
2020/03/13 , 11:21:49   ,121.51048999999999,24.99636,608,4347.56,0.12,97.8,24.118515300000002,-4.40047328
2020/03/13 , 11:21:51   ,121.51073000000001,24.99634,607,4353.78,0.1,97.9,23.724142800000003,-2.87093673
2020/03/13 , 11:21:52   ,121.51096000000001,24.99632,607,4361.01,0.08,98.1,20.7955035,-2.27380507
2020/03/13 , 11:21:53   ,121.51116999999999,24.9963,606,4368.45,0.04,98.2,19.6356104,-2.56764686
2020/03/13 , 11:21:54   ,121.51136000000001,24.996270000000003,606,4375.65,0.0,98.3,19.565540300000002,-3.09187655
2020/03/13 , 11:21:55   ,121.51156,24.99624,605,4382.1,-0.02,98.4,19.8569817,-4.05438725
2020/03/13 , 11:21:56   ,121.51176000000001,24.9962,604,4388.43,-0.06,98.5,20.5940974,-4.55428977
2020/03/13 , 11:21:57   ,121.51199,24.996170000000003,604,4394.5,-0.09,98.6,22.8769268,-4.03793648
2020/03/13 , 11:21:58   ,121.51222,24.99614,604,4399.35,-0.13,98.6,24.6931214,-3.22460796
2020/03/13 , 11:21:59   ,121.51246,24.99612,603,4407.72,-0.17,98.7,22.7252399,-1.91228604
2020/03/13 , 11:22:00   ,121.51268,24.9961,602,4414.46,-0.2,98.8,21.9525611,-1.6043913
2020/03/13 , 11:22:01   ,121.5129,24.99609,602,4421.67,-0.24,98.9,21.2611032,-1.8526273999999998
2020/03/13 , 11:22:02   ,121.51311000000001,24.99606,601,4429.34,-0.29,99.0,21.0895401,-2.73905302
2020/03/13 , 11:22:03   ,121.51333999999999,24.996029999999998,601,4437.34,-0.33,99.2,23.7365912,-3.35286059
2020/03/13 , 11:22:04   ,121.51357,24.996010000000002,600,4444.61,-0.35,99.3,23.6599579,-2.65388949
2020/03/13 , 11:22:05   ,121.51381,24.99599,600,4451.91,-0.38,99.4,22.1941104,-1.86369152
2020/03/13 , 11:22:06   ,121.51402,24.99598,599,4459.15,-0.44,99.5,21.639618300000002,-1.7258781000000003
2020/03/13 , 11:22:07   ,121.51423,24.99597,599,4464.62,-0.46,99.5,20.017315,-2.23468934
2020/03/13 , 11:22:08   ,121.51442,24.99594,598,4471.98,-0.49,99.6,18.511324600000002,-3.05125393
2020/03/13 , 11:22:09   ,121.5146,24.995910000000002,598,4478.26,-0.54,99.7,17.2763766,-4.58720342
2020/03/13 , 11:22:09   ,121.51477,24.99586,598,4481.37,-0.58,99.6,17.8517807,-5.72470672
2020/03/13 , 11:22:13   ,121.51543000000001,24.99568,596,4501.49,-0.68,99.6,25.4026681,-6.11271023
2020/03/13 , 11:22:14   ,121.51568,24.995639999999998,595,4507.27,-0.72,99.5,25.093828600000002,-4.32543664
2020/03/13 , 11:22:15   ,121.51593000000001,24.995620000000002,595,4513.02,-0.76,99.5,24.446627499999998,-2.12590516
2020/03/13 , 11:22:16   ,121.51618,24.99561,595,4519.08,-0.79,99.5,23.949479699999998,-1.8680424
2020/03/13 , 11:22:17   ,121.51641000000001,24.99559,594,4525.37,-0.82,99.5,22.866402700000002,-2.34284687
2020/03/13 , 11:22:25   ,121.51822,24.995420000000003,590,4578.67,-1.13,98.8,23.879669699999997,-5.23717961
2020/03/13 , 11:22:27   ,121.51875,24.99535,589,4590.9,-1.22,98.3,26.0500215,-3.81421826
2020/03/13 , 11:22:28   ,121.51901000000001,24.99532,588,4600.43,-1.26,97.6,24.860249399999997,-1.71659857
2020/03/13 , 11:22:29   ,121.51925,24.99532,588,4606.41,-1.28,96.8,25.4215318,-0.8610865870000001
2020/03/13 , 11:22:30   ,121.5195,24.99532,588,4612.55,-1.32,96.1,24.6396215,-0.886269512
2020/03/13 , 11:22:31   ,121.51973999999998,24.99531,587,4620.61,-1.36,95.6,23.1603559,-1.35569716
2020/03/13 , 11:22:32   ,121.51998,24.99529,587,4627.02,-1.39,95.3,25.0517921,-2.67726424
2020/03/13 , 11:22:33   ,121.52023999999999,24.99527,586,4633.98,-1.43,95.2,25.2149168,-2.50344995
2020/03/13 , 11:22:34   ,121.52051000000002,24.99525,585,4642.51,-1.46,94.7,24.3871289,-1.9364404999999998
2020/03/13 , 11:22:35   ,121.52075,24.99524,585,4649.67,-1.5,94.2,25.0459721,-1.64598992
2020/03/13 , 11:22:36   ,121.52101,24.99522,584,4656.95,-1.52,93.7,24.797696600000002,-2.48825326
2020/03/13 , 11:22:37   ,121.52126000000001,24.9952,584,4666.17,-1.55,93.2,24.2058935,-2.95924558
2020/03/13 , 11:22:38   ,121.5215,24.99517,583,4671.95,-1.6,92.8,25.8894813,-4.02178516
2020/03/13 , 11:22:39   ,121.52175,24.99515,583,4675.41,-1.63,92.6,26.671901899999998,-3.43094494
2020/03/13 , 11:22:40   ,121.52202,24.99513,582,4680.94,-1.65,92.3,27.218682,-2.0322513
2020/03/13 , 11:22:41   ,121.5223,24.99512,582,4687.01,-1.68,91.9,27.289856,-0.314370479
2020/03/13 , 11:22:42   ,121.52257,24.99513,581,4693.36,-1.72,91.4,26.3021043,0.18821712399999999
2020/03/13 , 11:22:43   ,121.52282,24.99514,581,4701.46,-1.75,91.0,22.756536399999998,0.285982124
2020/03/13 , 11:22:44   ,121.52305,24.99514,580,4707.49,-1.78,90.1,23.0097838,-0.6668367620000001
2020/03/13 , 11:22:45   ,121.52328999999999,24.99513,580,4712.58,-1.81,89.5,24.329673800000002,-1.53069333
2020/03/13 , 11:22:46   ,121.52353000000001,24.99512,579,4718.15,-1.83,89.0,24.910815300000003,-2.00865257
2020/03/13 , 11:22:47   ,121.52378999999999,24.9951,579,4725.21,-1.85,88.5,25.659931699999998,-1.33130799
2020/03/13 , 11:22:48   ,121.52407,24.99509,578,4733.7,-1.9,87.9,27.673816,0.255996881
2020/03/13 , 11:22:49   ,121.52436000000002,24.99509,578,4741.26,-1.92,87.6,29.6278415,0.9052124290000001
2020/03/13 , 11:22:50   ,121.52465,24.9951,577,4747.62,-1.95,87.5,28.863730199999996,0.57437032
2020/03/13 , 11:22:51   ,121.52492,24.9951,577,4755.67,-1.99,87.1,24.9499814,-0.030482167799999998
2020/03/13 , 11:22:53   ,121.52516999999999,24.995079999999998,576,4764.79,-2.04,86.8,23.3607701,-2.55429437
2020/03/13 , 11:22:54   ,121.5254,24.995060000000002,575,4774.48,-2.08,86.4,22.534427800000003,-3.3396519999999996
2020/03/13 , 11:22:54   ,121.52561999999999,24.99503,575,4782.21,-2.11,86.0,24.363743799999998,-3.95915802
2020/03/13 , 11:22:55   ,121.52585,24.995,575,4787.4,-2.14,85.6,24.919309600000002,-4.34015286
2020/03/13 , 11:22:56   ,121.52608000000001,24.994970000000002,574,4792.82,-2.19,85.4,23.318761,-2.75170378
2020/03/13 , 11:22:56   ,121.5263,24.994970000000002,574,4799.16,-2.22,85.3,21.4879888,0.397583685
2020/03/13 , 11:22:57   ,121.52651999999999,24.994979999999998,573,4807.13,-2.24,85.1,22.4427391,2.33506793
2020/03/13 , 11:22:58   ,121.52675,24.99501,573,4813.8,-2.28,85.0,23.086047399999998,3.19113412
2020/03/13 , 11:23:00   ,121.527,24.99503,572,4821.4,-2.34,84.9,24.5902861,2.17299625
2020/03/13 , 11:23:00   ,121.52725,24.99504,572,4825.53,-2.37,85.0,27.2123466,0.289727424
2020/03/13 , 11:23:01   ,121.52755,24.99504,572,4831.55,-2.4,85.3,27.1549211,-1.1143905
2020/03/13 , 11:23:02   ,121.52781999999999,24.99502,571,4838.87,-2.44,85.5,25.463171300000003,-2.38904405
2020/03/13 , 11:23:03   ,121.52807,24.995,571,4843.61,-2.46,85.5,25.0324831,-2.64869032
2020/03/13 , 11:23:05   ,121.52833999999999,24.994979999999998,570,4851.99,-2.52,85.5,24.0906638,-1.73106653
2020/03/13 , 11:23:06   ,121.52861000000001,24.994970000000002,569,4860.37,-2.57,85.5,25.3109979,-0.653950623
2020/03/13 , 11:23:07   ,121.52888,24.994970000000002,569,4865.04,-2.61,85.5,28.3590641,-0.767373722
2020/03/13 , 11:23:08   ,121.52916,24.99496,569,4870.93,-2.65,85.4,28.738142,-1.14921921
2020/03/13 , 11:23:09   ,121.52945,24.99494,568,4877.93,-2.68,85.4,27.2082294,-2.06012435
2020/03/13 , 11:23:10   ,121.52972,24.99492,568,4884.17,-2.71,85.4,26.342614299999997,-3.26714002
2020/03/13 , 11:23:11   ,121.52996999999999,24.9949,567,4892.07,-2.79,85.3,23.6983676,-1.47851777
2020/03/13 , 11:23:18   ,121.53183,24.99488,563,4947.04,-3.13,85.5,28.5775271,-0.119705966
2020/03/13 , 11:23:19   ,121.5321,24.994889999999998,563,4951.57,-3.16,85.6,30.276884999999996,-0.232514356
2020/03/13 , 11:23:20   ,121.5324,24.994889999999998,562,4959.67,-3.2,85.8,30.1478137,-0.363080795
2020/03/13 , 11:23:21   ,121.53271000000001,24.994870000000002,561,4969.32,-3.25,85.9,29.8380048,-2.04984741
2020/03/13 , 11:23:22   ,121.53302,24.99485,561,4976.97,-3.31,86.0,30.357593800000004,-3.66292098
2020/03/13 , 11:23:23   ,121.5333,24.99481,561,4984.56,-3.34,86.2,29.673539399999996,-4.31832333
2020/03/13 , 11:23:24   ,121.53358,24.994770000000003,560,4993.21,-3.39,86.3,26.4546221,-3.59091107
2020/03/13 , 11:23:25   ,121.53383000000001,24.99475,560,5000.08,-3.44,86.5,25.0778324,-2.14551963
2020/03/13 , 11:23:26   ,121.53407,24.99474,559,5009.82,-3.47,86.6,23.7757407,0.311241495
2020/03/13 , 11:23:27   ,121.5343,24.99474,558,5018.69,-3.53,86.7,24.328869,1.54343211
2020/03/13 , 11:23:28   ,121.53453999999999,24.99476,558,5025.22,-3.57,86.8,26.0336547,1.25504036
2020/03/13 , 11:23:29   ,121.5348,24.99476,557,5033.03,-3.62,87.0,24.976191699999998,0.59731983
2020/03/13 , 11:23:30   ,121.53504,24.994770000000003,557,5037.79,-3.67,87.1,26.0128984,0.227011125
2020/03/13 , 11:23:31   ,121.5353,24.99476,556,5045.45,-3.7,87.3,24.894435,0.021724498300000002
2020/03/13 , 11:23:32   ,121.53553000000001,24.994770000000003,556,5052.06,-3.76,87.4,24.55507,0.8403187790000001
2020/03/13 , 11:23:33   ,121.53578,24.99478,555,5059.2,-3.81,87.5,24.349977600000003,1.47224607
2020/03/13 , 11:23:34   ,121.53603999999999,24.99479,555,5064.6,-3.87,87.7,27.791393199999998,0.970496837
2020/03/13 , 11:23:36   ,121.53662,24.994770000000003,554,5080.0,-3.99,88.0,29.4693023,-1.71983197
2020/03/13 , 11:23:37   ,121.53691,24.99475,553,5086.9,-4.02,88.1,30.3465398,-3.05573588
2020/03/13 , 11:23:38   ,121.53719,24.99472,553,5094.99,-4.06,88.2,27.8700974,-3.07196395
2020/03/13 , 11:23:39   ,121.53747,24.9947,552,5103.38,-4.12,88.4,28.088016200000002,-1.98873821
2020/03/13 , 11:23:41   ,121.53801999999999,24.99468,551,5119.13,-4.27,88.8,26.947277500000002,-0.66798935
2020/03/13 , 11:23:42   ,121.53828999999999,24.994670000000003,550,5126.12,-4.3,89.1,28.2784697,-1.93279118
2020/03/13 , 11:23:43   ,121.53855,24.99465,550,5133.02,-4.35,89.3,26.8086903,-2.18052411
2020/03/13 , 11:23:44   ,121.53881000000001,24.99464,549,5142.12,-4.41,89.6,25.2903642,-1.02460832
2020/03/13 , 11:23:45   ,121.53907,24.99464,549,5149.44,-4.47,89.8,25.6763225,-0.273373513
2020/03/13 , 11:23:46   ,121.53931999999999,24.99464,548,5157.68,-4.52,90.0,25.4761378,0.8896463370000001
2020/03/13 , 11:23:47   ,121.53958,24.99464,548,5167.19,-4.6,90.2,26.0266049,0.7997314640000001
2020/03/13 , 11:23:48   ,121.53985,24.99464,547,5175.59,-4.65,90.4,28.0271852,-0.587085837
2020/03/13 , 11:23:49   ,121.54013,24.99462,547,5181.54,-4.72,90.6,28.811381199999996,-2.88591578
2020/03/13 , 11:23:50   ,121.5404,24.9946,546,5188.85,-4.78,90.8,27.2476646,-3.16230131
2020/03/13 , 11:23:51   ,121.54066999999999,24.99457,545,5197.92,-4.85,91.0,24.5106874,-2.81864392
2020/03/13 , 11:23:52   ,121.54092,24.99456,545,5205.02,-4.91,91.4,25.8665517,-1.93583585
2020/03/13 , 11:23:56   ,121.54198000000001,24.994529999999997,543,5235.26,-5.15,92.5,27.7428098,-1.59964035
2020/03/13 , 11:23:57   ,121.54225,24.99452,542,5244.03,-5.21,92.6,26.6502305,-1.76076285
2020/03/13 , 11:23:58   ,121.54253,24.994510000000002,542,5251.61,-5.24,92.8,27.487578600000003,-1.13765346
2020/03/13 , 11:23:59   ,121.54281,24.994510000000002,541,5259.57,-5.33,92.9,27.5817701,0.293660643
2020/03/13 , 11:24:00   ,121.5431,24.994510000000002,541,5267.29,-5.38,93.1,29.3943831,0.5746654170000001
2020/03/13 , 11:24:01   ,121.54341000000001,24.994510000000002,540,5274.49,-5.42,93.2,30.5879869,-0.234903494
2020/03/13 , 11:24:02   ,121.54368999999998,24.9945,540,5281.88,-5.48,93.4,28.978116600000003,-1.05245056
2020/03/13 , 11:24:03   ,121.54396000000001,24.99449,539,5289.69,-5.55,93.5,26.322690100000003,-1.37030031
2020/03/13 , 11:24:06   ,121.54475,24.99447,538,5312.11,-5.69,93.8,26.2802417,-0.128430511
2020/03/13 , 11:24:07   ,121.54503000000001,24.99447,537,5319.24,-5.75,93.8,27.3936367,-0.210372163
2020/03/13 , 11:24:08   ,121.54531999999999,24.99446,537,5325.41,-5.8,93.9,29.8978521,-1.61920979
2020/03/13 , 11:24:08   ,121.54563,24.994429999999998,536,5332.15,-5.84,93.9,30.184431300000004,-3.70618214
2020/03/13 , 11:24:09   ,121.54592,24.99439,536,5338.97,-5.89,93.9,28.5086488,-5.36100262
2020/03/13 , 11:24:10   ,121.54619,24.99434,535,5346.15,-5.93,93.9,27.127042699999997,-5.56344829
2020/03/13 , 11:24:12   ,121.54645,24.9943,535,5354.31,-5.98,94.0,24.463632500000003,-3.5470579
2020/03/13 , 11:24:15   ,121.54721,24.99426,533,5376.24,-6.13,94.1,24.4029587,-0.818057228
2020/03/13 , 11:24:16   ,121.54746000000002,24.99425,533,5385.15,-6.19,94.1,24.3330569,-1.56501904
2020/03/13 , 11:24:17   ,121.54771000000001,24.994239999999998,532,5392.91,-6.25,94.1,25.7425758,-1.67823331
2020/03/13 , 11:24:18   ,121.54798000000001,24.994220000000002,532,5401.37,-6.33,94.2,26.3221342,-1.91450224
2020/03/13 , 11:24:19   ,121.54827,24.9942,531,5408.11,-6.39,94.3,29.2434767,-2.14750669
2020/03/13 , 11:24:20   ,121.54857,24.99418,530,5416.49,-6.43,94.4,30.540074199999996,-3.10214761
2020/03/13 , 11:24:21   ,121.54887,24.994139999999998,530,5425.47,-6.5,94.4,30.325644,-4.36999205
2020/03/13 , 11:24:22   ,121.54916999999999,24.9941,529,5433.51,-6.56,94.5,30.271967200000002,-4.59982408
2020/03/13 , 11:24:23   ,121.54946000000001,24.99406,529,5441.22,-6.62,94.5,29.869290600000003,-3.48769649
2020/03/13 , 11:24:24   ,121.54975,24.99404,528,5449.35,-6.66,94.6,29.5172172,-1.26810397
2020/03/13 , 11:24:25   ,121.55004,24.99404,528,5455.51,-6.72,94.6,32.126994800000006,-0.224292379
2020/03/13 , 11:24:25   ,121.55036000000001,24.99404,528,5462.2,-6.77,94.7,32.5679979,-0.306955238
2020/03/13 , 11:24:26   ,121.55068,24.99404,527,5468.6,-6.81,94.7,32.649268400000004,-0.769422653
2020/03/13 , 11:24:30   ,121.55162,24.99396,525,5488.8,-6.98,94.8,29.287203,-4.90099696
2020/03/13 , 11:24:30   ,121.55191,24.99391,525,5492.91,-7.02,94.9,31.810066,-5.62042264
2020/03/13 , 11:24:32   ,121.55223000000001,24.99387,525,5500.06,-7.09,95.0,29.2023697,-4.1405138
2020/03/13 , 11:24:34   ,121.55306999999999,24.99384,523,5522.58,-7.26,95.2,28.346731800000004,0.430460191
2020/03/13 , 11:24:35   ,121.55335,24.99385,523,5528.48,-7.29,95.3,27.9077439,-0.433537865
2020/03/13 , 11:24:36   ,121.55361,24.99384,523,5533.54,-7.36,95.3,26.736833299999997,-1.87900029
2020/03/13 , 11:24:37   ,121.55386000000001,24.99381,522,5538.46,-7.42,95.3,24.668047100000003,-3.3703302
2020/03/13 , 11:24:38   ,121.5541,24.993779999999997,522,5543.44,-7.45,92.9,23.608347100000003,-4.12880856
2020/03/13 , 11:24:41   ,121.55483999999998,24.99363,520,5561.82,-7.54,78.9,26.8613706,-6.0583978
2020/03/13 , 11:24:42   ,121.55513,24.993579999999998,520,5567.48,-7.55,75.6,29.720635499999997,-5.66413863
2020/03/13 , 11:24:43   ,121.55546000000001,24.99354,519,5575.82,-7.56,72.7,32.1288092,-3.8937029
2020/03/13 , 11:24:45   ,121.55615,24.993479999999998,519,5588.44,-7.58,67.8,37.2109995,-2.61509949
2020/03/13 , 11:24:46   ,121.55651,24.99345,518,5596.11,-7.58,65.7,34.914949,-2.8091901000000004
2020/03/13 , 11:24:48   ,121.55686000000001,24.9934,518,5605.41,-7.59,63.6,31.750754999999998,-5.06859723
2020/03/13 , 11:24:48   ,121.55716000000001,24.99335,517,5610.27,-7.59,61.5,33.1910873,-6.51784855
2020/03/13 , 11:24:49   ,121.55747,24.99329,517,5616.59,-7.58,59.6,29.7308403,-6.30321664
2020/03/13 , 11:24:50   ,121.55776999999999,24.99324,517,5622.71,-7.58,58.5,29.8113525,-4.9833609
2020/03/13 , 11:24:51   ,121.55807,24.99319,516,5630.32,-7.57,57.9,30.837259200000002,-4.61416174
2020/03/13 , 11:24:53   ,121.55838999999999,24.99315,515,5638.87,-7.57,57.4,31.089188800000002,-4.48555944
2020/03/13 , 11:24:54   ,121.55871,24.9931,515,5646.68,-7.56,56.8,33.4250431,-5.27606789
2020/03/13 , 11:24:56   ,121.55966000000001,24.993000000000002,514,5665.24,-7.57,54.8,32.0937713,-3.08462543
2020/03/13 , 11:24:57   ,121.55996999999999,24.99299,513,5670.75,-7.57,54.0,32.322944199999995,-1.2530219
2020/03/13 , 11:24:58   ,121.5603,24.99299,513,5676.26,-7.57,53.2,32.987582,0.293636134
2020/03/13 , 11:24:59   ,121.56063999999999,24.99299,512,5682.62,-7.58,52.3,34.2354723,0.20913520100000002
2020/03/13 , 11:25:00   ,121.56098999999999,24.99298,512,5688.91,-7.59,51.6,35.6726362,-2.08185927
2020/03/13 , 11:25:01   ,121.56133999999999,24.99295,512,5695.13,-7.6,51.2,35.939657399999994,-4.85923232
2020/03/13 , 11:25:03   ,121.56203000000001,24.992810000000002,511,5706.37,-7.64,50.6,35.342905,-10.0210243
2020/03/13 , 11:25:04   ,121.56233999999999,24.99271,511,5709.83,-7.66,50.3,32.2602341,-11.4873526
2020/03/13 , 11:25:04   ,121.56265,24.99261,511,5714.65,-7.68,50.2,31.253525300000003,-12.191524699999999
2020/03/13 , 11:25:06   ,121.56324,24.9924,510,5724.76,-7.71,50.2,30.7001309,-10.883548199999998
2020/03/13 , 11:25:07   ,121.56355,24.99229,509,5731.25,-7.73,50.2,29.4371873,-11.235082199999999
2020/03/13 , 11:25:09   ,121.56387,24.9922,509,5740.2,-7.75,50.7,29.903636,-9.10252482
2020/03/13 , 11:25:09   ,121.56418000000001,24.99212,509,5745.0,-7.76,51.3,33.5900714,-8.49335707
2020/03/13 , 11:25:12   ,121.56483999999999,24.99201,507,5759.63,-7.78,51.4,31.2847809,-5.04461753
2020/03/13 , 11:25:16   ,121.56608,24.9919,506,5788.69,-7.85,44.6,33.5894642,-2.31935027
2020/03/13 , 11:25:17   ,121.56641,24.991870000000002,505,5795.61,-7.86,43.2,33.015614899999996,-3.13252246
2020/03/13 , 11:25:20   ,121.56733,24.99172,504,5815.88,-7.91,40.3,29.8341771,-7.93826073
2020/03/13 , 11:25:24   ,121.56855,24.99135,503,5834.98,-8.01,37.7,33.1431434,-11.6065638
2020/03/13 , 11:25:24   ,121.56893000000001,24.99125,502,5842.89,-8.04,37.2,35.4785716,-10.2135367
2020/03/13 , 11:25:25   ,121.5693,24.99117,502,5846.56,-8.06,36.7,37.2652406,-9.05672906
2020/03/13 , 11:25:26   ,121.56968,24.99111,502,5851.21,-8.11,36.3,39.2611777,-6.07093503
2020/03/13 , 11:25:29   ,121.57046000000001,24.99105,500,5866.41,-8.17,35.4,37.3160009,-1.04233029
2020/03/13 , 11:25:31   ,121.57121000000001,24.991020000000002,500,5880.3,-8.21,34.6,37.4696141,-2.62013066
2020/03/13 , 11:25:32   ,121.57156,24.99098,499,5885.68,-8.25,34.1,36.3510904,-5.10881258
2020/03/13 , 11:25:33   ,121.57191999999999,24.990920000000003,499,5891.91,-8.26,33.7,36.619836299999996,-7.03198583
2020/03/13 , 11:25:34   ,121.57226999999999,24.99083,498,5899.52,-8.29,33.2,34.433609000000004,-9.99737146
2020/03/13 , 11:25:36   ,121.57292,24.99063,498,5912.79,-8.33,32.0,32.1108641,-11.251356800000002
2020/03/13 , 11:25:38   ,121.57353,24.990460000000002,497,5925.63,-8.37,31.3,29.905622499999996,-6.389375599999999
2020/03/13 , 11:25:39   ,121.57383,24.99043,496,5930.63,-8.4,31.0,30.8796661,-2.72877665
2020/03/13 , 11:25:40   ,121.57413999999999,24.99042,496,5936.95,-8.41,30.5,32.502492600000004,0.136146919
2020/03/13 , 11:25:42   ,121.57483,24.99043,495,5950.17,-8.43,29.8,36.7001064,1.00589595
2020/03/13 , 11:25:43   ,121.57518999999999,24.99043,495,5953.3,-8.46,29.6,36.8040398,0.334032041
2020/03/13 , 11:25:43   ,121.57553999999999,24.99044,495,5960.1,-8.46,29.5,34.151826299999996,1.09713093
2020/03/13 , 11:25:46   ,121.57618000000001,24.9904,494,5973.8,-8.51,29.1,30.685191800000002,-3.39309767
2020/03/13 , 11:25:47   ,121.57648,24.99036,493,5980.22,-8.51,28.7,29.739151300000003,-5.75916205
2020/03/13 , 11:25:48   ,121.57677,24.990289999999998,493,5984.65,-8.53,28.5,30.901340899999997,-8.53486182
2020/03/13 , 11:25:48   ,121.57708999999998,24.9902,493,5990.61,-8.55,28.2,32.1960376,-10.3432157
2020/03/13 , 11:25:49   ,121.57741999999999,24.99011,492,5996.38,-8.57,28.1,34.157051200000005,-9.67191045
2020/03/13 , 11:25:52   ,121.57812,24.98996,491,6011.68,-8.59,28.1,36.4458418,-6.31494412
2020/03/13 , 11:25:53   ,121.57846,24.98992,491,6018.71,-8.6,28.3,35.0493121,-3.31313545
2020/03/13 , 11:25:54   ,121.5788,24.989910000000002,490,6025.95,-8.62,28.5,33.7555535,-0.0117829115
2020/03/13 , 11:25:55   ,121.57911999999999,24.989929999999998,490,6031.68,-8.63,28.6,31.9815132,1.72086066
2020/03/13 , 11:25:55   ,121.57941000000001,24.98994,490,6037.32,-8.63,28.4,29.314927700000002,1.49015977
2020/03/13 , 11:25:56   ,121.57968000000001,24.98994,490,6042.64,-8.64,28.1,27.0018028,-0.593896399
2020/03/13 , 11:26:00   ,121.5805,24.98982,488,6060.0,-8.67,28.2,28.5563897,-6.94545882
2020/03/13 , 11:26:01   ,121.58083,24.98975,488,6066.18,-8.67,28.8,32.6676192,-7.43389369
2020/03/13 , 11:26:01   ,121.58116000000001,24.98969,488,6072.43,-8.67,30.0,35.0574988,-6.17527418
2020/03/13 , 11:26:04   ,121.58182,24.98961,487,6085.83,-8.69,32.1,30.863074100000002,-2.39104033
2020/03/13 , 11:26:05   ,121.58211000000001,24.98959,486,6094.91,-8.67,32.8,28.194305800000002,-1.58617904
2020/03/13 , 11:26:06   ,121.5824,24.98957,486,6102.57,-8.69,33.2,30.2630245,-2.57317482
2020/03/13 , 11:26:07   ,121.5827,24.98955,485,6110.26,-8.7,33.4,29.0771484,-1.76315336
2020/03/13 , 11:26:09   ,121.58301000000002,24.98953,484,6119.41,-8.69,33.5,30.843483000000003,-1.26576264
2020/03/13 , 11:26:09   ,121.58332,24.989520000000002,484,6126.04,-8.69,33.5,33.9393689,-1.49369469
2020/03/13 , 11:26:15   ,121.58538999999999,24.989320000000003,482,6169.09,-8.72,30.0,37.2546774,-4.15903085
2020/03/13 , 11:26:16   ,121.58573999999999,24.9893,481,6175.37,-8.71,29.3,37.1512665,-2.42851075
2020/03/13 , 11:26:17   ,121.5861,24.989279999999997,481,6181.22,-8.71,28.6,35.7119987,-1.23460959
2020/03/13 , 11:26:18   ,121.58643000000001,24.989279999999997,480,6187.47,-8.71,28.0,33.301243400000004,-0.319678808
2020/03/13 , 11:26:19   ,121.58673999999999,24.989279999999997,480,6194.62,-8.72,27.4,31.0331249,0.113742853
2020/03/13 , 11:26:20   ,121.58703999999999,24.989279999999997,479,6201.66,-8.72,26.7,29.9590717,0.6746349290000001
2020/03/13 , 11:26:21   ,121.58733000000001,24.98929,479,6206.57,-8.73,26.2,30.9264356,0.653216546
2020/03/13 , 11:26:22   ,121.58764,24.98929,479,6214.01,-8.74,25.7,31.9124623,-0.518034607
2020/03/13 , 11:26:23   ,121.58793999999999,24.989279999999997,478,6222.6,-8.74,25.3,33.756143,-1.77499228
2020/03/13 , 11:26:25   ,121.58828999999999,24.98925,478,6228.67,-8.75,24.8,37.016541600000004,-4.13898713
2020/03/13 , 11:26:25   ,121.58865,24.9892,477,6235.06,-8.74,24.4,38.059447,-6.43727362
2020/03/13 , 11:26:26   ,121.58901000000002,24.98913,477,6240.12,-8.74,24.0,38.9122321,-7.994611999999999
2020/03/13 , 11:26:27   ,121.58937,24.98907,477,6247.3,-8.75,23.8,34.186746899999996,-6.29294707
2020/03/13 , 11:26:28   ,121.58971000000001,24.98901,476,6254.06,-8.76,23.5,34.146141,-5.73861325
2020/03/13 , 11:26:29   ,121.59005,24.988970000000002,476,6260.07,-8.76,23.3,34.9205539,-4.44864912
2020/03/13 , 11:26:30   ,121.5904,24.98895,475,6266.15,-8.76,23.0,34.770796399999995,-3.72206424
2020/03/13 , 11:26:31   ,121.59074,24.98891,475,6273.21,-8.75,22.7,35.10385170000001,-3.60905457
2020/03/13 , 11:26:33   ,121.59143999999999,24.98883,474,6285.48,-8.75,22.4,35.013003499999996,-4.80863666
2020/03/13 , 11:26:34   ,121.59178,24.9888,474,6293.47,-8.76,22.4,32.9054556,-3.26120151
2020/03/13 , 11:26:36   ,121.59243000000001,24.98878,473,6307.37,-8.76,22.7,34.7689631,-1.25669089
2020/03/13 , 11:26:37   ,121.59278,24.98876,472,6314.93,-8.77,22.9,35.36948889999999,-2.12611558
2020/03/13 , 11:26:38   ,121.59313,24.98872,472,6321.82,-8.77,22.9,37.183483,-4.17079588
2020/03/13 , 11:26:41   ,121.59391000000001,24.98861,471,6337.67,-8.8,22.3,40.4643607,-6.55379635
2020/03/13 , 11:26:41   ,121.59431000000001,24.98855,470,6345.41,-8.79,22.2,40.9971685,-6.3686793
2020/03/13 , 11:26:42   ,121.5947,24.9885,470,6349.33,-8.81,22.2,42.354330299999994,-6.14108563
2020/03/13 , 11:26:43   ,121.59508999999998,24.98845,470,6356.66,-8.84,22.2,38.405234899999996,-5.78767845
2020/03/13 , 11:26:46   ,121.59608999999999,24.98829,469,6380.78,-8.85,22.7,32.8967955,-4.92819928
2020/03/13 , 11:26:47   ,121.5964,24.98825,468,6386.05,-8.86,22.9,32.4355211,-3.87918533
2020/03/13 , 11:26:48   ,121.59673000000001,24.988220000000002,468,6396.7,-8.87,23.1,32.6440963,-1.21412039
2020/03/13 , 11:26:50   ,121.59743999999999,24.988210000000002,467,6409.15,-8.88,23.5,37.825464399999994,-0.620623845
2020/03/13 , 11:26:51   ,121.59782,24.98819,466,6414.65,-8.9,23.7,39.4745366,-2.57345973
2020/03/13 , 11:26:52   ,121.5982,24.98815,466,6421.4,-8.91,23.9,39.1197195,-4.85181917
2020/03/13 , 11:26:54   ,121.59925,24.987920000000003,465,6440.16,-8.96,24.1,33.436118900000004,-8.01495884
2020/03/13 , 11:26:55   ,121.59958,24.98786,465,6445.59,-8.99,24.2,33.215095399999996,-6.43831384
2020/03/13 , 11:26:56   ,121.5999,24.987820000000003,464,6452.04,-8.99,24.2,32.7471736,-3.52278796
2020/03/13 , 11:26:58   ,121.60023999999999,24.98779,464,6460.59,-9.02,24.2,34.1806079,-1.62985372
2020/03/13 , 11:26:58   ,121.60059,24.98776,463,6469.83,-9.03,24.3,37.3008388,-2.35330593
2020/03/13 , 11:27:03   ,121.60213999999999,24.98754,462,6497.8,-9.14,24.1,36.4270904,-8.70503576
2020/03/13 , 11:27:05   ,121.60321,24.98733,461,6512.43,-9.19,23.8,35.284999,-7.75791018
2020/03/13 , 11:27:06   ,121.60356000000002,24.98726,460,6519.73,-9.22,23.7,36.012552299999996,-7.35302248
2020/03/13 , 11:27:07   ,121.60392,24.98719,460,6526.12,-9.24,23.6,37.6748527,-7.55553444
2020/03/13 , 11:27:08   ,121.6043,24.98712,460,6532.27,-9.25,23.5,38.2788826,-8.40915457
2020/03/13 , 11:27:11   ,121.60545,24.98682,458,6553.14,-9.34,22.7,38.4272331,-11.324326800000001
2020/03/13 , 11:27:12   ,121.60582,24.986720000000002,458,6559.05,-9.35,22.0,38.659968299999996,-10.8158806
2020/03/13 , 11:27:13   ,121.6062,24.986629999999998,458,6566.05,-9.37,21.3,38.736905,-10.0613349
2020/03/13 , 11:27:14   ,121.60659,24.986539999999998,458,6571.39,-9.41,20.5,39.722637799999994,-9.10499541
2020/03/13 , 11:27:15   ,121.60699,24.98647,457,6576.98,-9.43,19.6,40.377581799999994,-8.14888262
2020/03/13 , 11:27:16   ,121.6074,24.9864,457,6583.7,-9.45,18.8,40.5684019,-6.992797099999999
2020/03/13 , 11:27:17   ,121.60781000000001,24.98634,456,6590.06,-9.46,18.1,41.7180182,-6.01909082
2020/03/13 , 11:27:22   ,121.60943999999999,24.986179999999997,454,6617.28,-9.49,15.4,40.3049949,-5.53543131
2020/03/13 , 11:27:29   ,121.61166999999999,24.98563,452,6663.39,-9.51,12.7,31.761304,-7.86012809
2020/03/13 , 11:27:31   ,121.61267,24.98545,450,6685.62,-9.52,11.6,37.3156263,-6.0839214
2020/03/13 , 11:27:32   ,121.61305,24.9854,450,6690.99,-9.52,11.3,40.1237326,-6.21865292
2020/03/13 , 11:27:33   ,121.61346,24.98534,450,6697.47,-9.51,11.0,42.8475032,-6.61782973
2020/03/13 , 11:27:34   ,121.61388999999998,24.98526,449,6703.78,-9.52,10.7,45.0859767,-8.25855813
2020/03/13 , 11:27:37   ,121.61511999999999,24.98496,448,6722.4,-9.55,9.8,36.1537881,-11.879769
2020/03/13 , 11:27:38   ,121.61582,24.98475,447,6735.94,-9.55,9.2,38.6041072,-11.2740048
2020/03/13 , 11:27:40   ,121.61617,24.98465,447,6745.56,-9.56,8.9,33.6307968,-9.29504747
2020/03/13 , 11:27:41   ,121.61688999999998,24.98449,446,6761.52,-9.58,8.5,38.6436056,-8.05899297
2020/03/13 , 11:27:42   ,121.61726999999999,24.98441,446,6770.31,-9.58,8.3,38.7006271,-6.21962136
2020/03/13 , 11:27:43   ,121.61763,24.98435,445,6777.87,-9.56,8.2,37.538432799999995,-5.18217921
2020/03/13 , 11:27:44   ,121.61798999999999,24.98431,445,6784.49,-9.58,8.2,36.903505200000005,-4.92397889
2020/03/13 , 11:27:46   ,121.61868999999999,24.98418,444,6795.71,-9.59,8.5,35.3578883,-9.17051184
2020/03/13 , 11:27:49   ,121.61978,24.98386,443,6812.98,-9.61,9.6,39.803473499999996,-13.079018699999999
2020/03/13 , 11:27:50   ,121.62018,24.98375,443,6816.42,-9.63,10.1,43.0226081,-12.523654800000001
2020/03/13 , 11:27:51   ,121.62062,24.98365,443,6823.89,-9.64,10.7,43.32607539999999,-9.56549994
2020/03/13 , 11:27:56   ,121.6226,24.98339,441,6856.66,-9.71,12.8,33.7513401,-5.62381741
2020/03/13 , 11:27:58   ,121.62291,24.98333,440,6864.98,-9.74,13.1,30.9280031,-7.06641704
2020/03/13 , 11:27:59   ,121.62321999999999,24.98325,440,6872.82,-9.75,13.3,32.1488417,-8.80699093
2020/03/13 , 11:28:00   ,121.6239,24.983060000000002,439,6887.46,-9.8,13.9,36.3367396,-10.8117391
2020/03/13 , 11:28:04   ,121.62513,24.98275,438,6912.33,-9.88,14.4,45.477525799999995,-9.88245059
2020/03/13 , 11:28:09   ,121.62733999999999,24.9824,435,6959.64,-10.04,15.3,34.4790686,-3.52049651
2020/03/13 , 11:28:13   ,121.62844,24.98229,434,6983.2,-10.14,15.8,38.896871600000004,-6.51608307
2020/03/13 , 11:28:22   ,121.63236,24.981579999999997,431,7050.54,-10.53,17.1,35.714841,-1.38451119
2020/03/13 , 11:28:24   ,121.63302,24.98152,430,7060.18,-10.62,17.5,32.401816100000005,-5.20153126
2020/03/13 , 11:28:27   ,121.63407,24.98124,429,7078.02,-10.76,18.5,38.371969299999996,-12.2977327
2020/03/13 , 11:28:38   ,121.63875,24.980529999999998,425,7144.79,-11.24,22.5,36.3187868,-10.5378367
2020/03/13 , 11:28:41   ,121.63953000000001,24.980320000000003,424,7158.12,-11.3,23.1,41.85098,-9.9703098
2020/03/13 , 11:28:51   ,121.64333,24.97995,420,7225.53,-11.67,22.1,38.5967963,-8.45075253
2020/03/13 , 11:29:14   ,121.65215,24.978939999999998,412,7385.59,-12.24,14.4,36.9699342,-11.3663741
2020/03/13 , 11:29:16   ,121.65286,24.97881,411,7400.56,-12.28,13.6,35.0034252,-4.77620249
2020/03/13 , 11:29:22   ,121.65522,24.97866,409,7440.44,-12.41,11.7,38.46395089999999,-4.416418900000001
2020/03/13 , 11:29:23   ,121.65561000000001,24.97863,408,7448.6,-12.44,11.5,35.959186100000004,-4.04617954
2020/03/13 , 11:29:25   ,121.65595,24.978579999999997,408,7456.85,-12.47,11.2,34.8547034,-4.81788985
2020/03/13 , 11:29:25   ,121.65628999999998,24.97854,408,7463.2,-12.5,10.9,35.0270811,-5.04747949
2020/03/13 , 11:29:26   ,121.65661999999999,24.97847,407,7469.09,-12.54,10.7,35.298625799999996,-7.15592709
2020/03/13 , 11:29:27   ,121.65697,24.97839,407,7475.62,-12.57,10.4,37.2582798,-9.24810107
2020/03/13 , 11:29:28   ,121.65735,24.9783,407,7482.2,-12.6,10.2,39.2084344,-9.56523615
2020/03/13 , 11:29:29   ,121.65773999999999,24.97821,406,7488.01,-12.61,10.0,42.473436299999996,-8.8112888
2020/03/13 , 11:29:29   ,121.65817,24.97813,406,7495.43,-12.65,9.8,44.1805253,-7.30611648
2020/03/13 , 11:29:30   ,121.65861000000001,24.97808,406,7501.47,-12.71,9.6,44.6502375,-4.40159885
2020/03/13 , 11:29:31   ,121.65903999999999,24.97805,405,7506.73,-12.74,9.4,44.3832672,-2.58244008
2020/03/13 , 11:29:33   ,121.65983999999999,24.97803,405,7516.2,-12.81,9.0,38.4981314,-1.43857599
2020/03/13 , 11:29:34   ,121.6602,24.97801,404,7522.33,-12.86,8.8,35.78018170000001,-2.40788072
2020/03/13 , 11:29:39   ,121.66156000000001,24.97767,403,7553.61,-13.03,8.1,36.630722999999996,-13.108485199999999
2020/03/13 , 11:29:39   ,121.66193,24.97756,403,7559.35,-13.08,7.9,41.1500984,-11.667579
2020/03/13 , 11:29:41   ,121.66233000000001,24.97746,402,7568.42,-13.13,7.8,39.285296100000004,-8.96145993
2020/03/13 , 11:29:42   ,121.66271,24.9774,402,7577.65,-13.16,7.7,38.9718843,-6.03316644
2020/03/13 , 11:29:46   ,121.6643,24.9773,400,7606.07,-13.35,7.2,43.0200261,-1.44967166
2020/03/13 , 11:29:47   ,121.66471000000001,24.97728,400,7614.66,-13.4,7.1,39.5505749,-2.88359316
2020/03/13 , 11:29:49   ,121.66508,24.97723,399,7625.64,-13.44,7.0,36.5279549,-4.42036824
2020/03/13 , 11:29:50   ,121.66543,24.97718,399,7635.68,-13.51,6.9,36.3623544,-6.02626928
2020/03/13 , 11:29:51   ,121.66611,24.97705,398,7645.96,-13.59,6.7,36.2867453,-6.529016
2020/03/13 , 11:29:53   ,121.66684,24.976979999999998,397,7660.31,-13.68,6.5,36.9308506,-2.16822428
2020/03/13 , 11:29:57   ,121.66843,24.9768,396,7687.46,-13.88,6.3,40.4892916,-8.63581296
2020/03/13 , 11:29:58   ,121.66882,24.97672,395,7691.97,-13.93,6.2,40.2384845,-9.74958313
2020/03/13 , 11:29:59   ,121.6692,24.97663,395,7698.82,-13.96,6.1,37.462737100000005,-8.60764242
2020/03/13 , 11:29:59   ,121.66956,24.97656,395,7705.9,-14.02,6.1,35.34069,-7.01687689
2020/03/13 , 11:30:13   ,121.67431,24.976,390,7798.54,-14.67,4.6,35.2904175,-3.72162757
2020/03/13 , 11:30:13   ,121.67465,24.97596,390,7803.97,-14.7,4.5,35.29685739999999,-5.29404635
2020/03/13 , 11:30:14   ,121.675,24.97589,389,7809.83,-14.76,4.4,35.4924445,-7.86198671
2020/03/13 , 11:30:15   ,121.67537,24.9758,389,7817.81,-14.8,4.3,37.3385213,-10.025783599999999
2020/03/13 , 11:30:21   ,121.67745,24.975479999999997,387,7854.86,-15.03,3.9,45.5782305,-3.55506959
2020/03/13 , 11:30:22   ,121.67788,24.97544,387,7863.46,-15.09,3.9,41.6079661,-4.3364659
2020/03/13 , 11:30:23   ,121.67828,24.97539,386,7872.08,-15.13,3.8,40.409424,-6.45807442
2020/03/13 , 11:30:31   ,121.68148000000001,24.97479,383,7933.63,-15.48,3.9,39.0389592,-3.36054714
2020/03/13 , 11:30:32   ,121.68186999999999,24.97477,383,7936.74,-15.54,3.9,42.6376477,-4.06047902
2020/03/13 , 11:30:33   ,121.68226999999999,24.974729999999997,382,7944.39,-15.57,3.9,41.4048495,-3.60061047
2020/03/13 , 11:30:35   ,121.68355,24.97459,381,7966.93,-15.7,3.9,46.238107899999996,-7.158037299999999
2020/03/13 , 11:30:41   ,121.68562,24.97407,380,8003.24,-15.94,3.9,40.3338521,-8.86797252
2020/03/13 , 11:30:42   ,121.68602,24.97401,379,8010.7,-15.99,3.9,40.6832935,-5.21886735
2020/03/13 , 11:30:42   ,121.68642,24.973979999999997,379,8015.89,-16.03,4.0,42.032633399999995,-2.6591997000000003
2020/03/13 , 11:30:43   ,121.68682,24.97397,379,8022.58,-16.09,4.0,42.154769,-0.25751203300000003
2020/03/13 , 11:30:46   ,121.6876,24.97395,378,8035.76,-16.18,3.9,37.7289016,-0.737606735
2020/03/13 , 11:30:47   ,121.68796999999999,24.97392,377,8045.9,-16.22,3.9,36.914981899999994,-3.06091119
2020/03/13 , 11:30:49   ,121.6891,24.9737,376,8065.34,-16.37,3.9,38.7295335,-11.0397063
2020/03/13 , 11:30:50   ,121.68951000000001,24.973570000000002,376,8075.1,-16.43,3.9,42.45646729999999,-13.696701000000001
2020/03/13 , 11:30:51   ,121.68993999999999,24.97344,376,8083.61,-16.5,3.9,46.0239801,-12.8674456
2020/03/13 , 11:30:52   ,121.69038,24.973329999999997,375,8089.8,-16.54,3.9,47.3560025,-11.2905258
2020/03/13 , 11:30:56   ,121.6916,24.97306,374,8112.85,-16.71,3.9,37.3301653,-8.74883774
2020/03/13 , 11:30:57   ,121.69193999999999,24.97298,373,8122.9,-16.75,3.9,35.4173975,-7.96866538
2020/03/13 , 11:30:58   ,121.69227,24.97291,373,8133.01,-16.81,4.0,38.012074600000005,-6.29967452
2020/03/13 , 11:30:59   ,121.69264,24.97285,373,8141.18,-16.87,4.1,39.31510170000001,-5.88269654
2020/03/13 , 11:31:00   ,121.69305,24.97279,372,8150.13,-16.92,4.2,40.97861279999999,-5.5915143
2020/03/13 , 11:31:01   ,121.69346000000002,24.972720000000002,372,8161.11,-16.98,4.3,43.970328,-6.73625986
2020/03/13 , 11:31:02   ,121.69391999999999,24.97265,371,8170.81,-17.04,4.4,46.356358,-6.87838334
2020/03/13 , 11:31:03   ,121.69434,24.97259,371,8173.17,-17.09,4.4,49.397693700000005,-7.64716701
2020/03/13 , 11:31:07   ,121.69591000000001,24.972360000000002,370,8207.73,-17.31,4.8,37.316121100000004,-6.25127254
2020/03/13 , 11:31:07   ,121.69626000000001,24.97229,369,8212.8,-17.35,4.9,36.4325766,-7.39242792
2020/03/13 , 11:31:08   ,121.69661,24.97221,369,8220.21,-17.4,5.0,37.09995,-8.70854637
2020/03/13 , 11:31:12   ,121.69832,24.971829999999997,368,8247.46,-17.63,5.2,47.6976454,-7.65700272
2020/03/13 , 11:31:12   ,121.69878999999999,24.971770000000003,368,8253.01,-17.69,5.3,48.1245077,-5.53415124
2020/03/13 , 11:31:15   ,121.6997,24.971729999999997,366,8265.59,-17.81,5.4,44.0688404,-0.230746017
2020/03/13 , 11:31:17   ,121.70051000000001,24.97172,366,8281.32,-17.93,5.5,43.238811600000005,-0.852875962
2020/03/13 , 11:31:19   ,121.70092,24.97169,365,8290.11,-18.01,5.6,38.1199067,-3.98638472
2020/03/13 , 11:31:20   ,121.70128999999999,24.97162,365,8300.08,-18.07,5.6,37.9622824,-6.62547891
2020/03/13 , 11:31:20   ,121.70166,24.97156,365,8303.77,-18.11,5.7,41.0829411,-8.3882916
2020/03/13 , 11:31:21   ,121.70205,24.97147,364,8310.75,-18.17,5.7,38.4475606,-8.99655797
2020/03/13 , 11:31:22   ,121.70245,24.97138,364,8318.03,-18.22,5.8,40.4820056,-9.65164084
2020/03/13 , 11:31:25   ,121.70376,24.9711,363,8340.23,-18.4,5.9,45.4784075,-10.57479
2020/03/13 , 11:31:32   ,121.70663,24.97065,360,8399.78,-18.81,6.2,40.6755808,-6.00644719
2020/03/13 , 11:31:33   ,121.70701000000001,24.970589999999998,360,8407.11,-18.87,6.2,38.649807700000004,-8.13774699
2020/03/13 , 11:31:35   ,121.70777,24.97038,359,8418.59,-19.01,6.3,38.084982399999994,-13.7189465
2020/03/13 , 11:31:36   ,121.70815,24.97025,359,8425.57,-19.08,6.3,38.8784809,-14.869578
2020/03/13 , 11:31:37   ,121.70893999999998,24.96996,358,8439.35,-19.2,6.2,41.8219249,-14.8263516
2020/03/13 , 11:31:41   ,121.70978000000001,24.96975,357,8460.58,-19.35,6.2,42.4079955,-7.99774324
2020/03/13 , 11:31:42   ,121.7102,24.96968,357,8471.27,-19.41,6.2,42.429438700000006,-5.36008462
2020/03/13 , 11:31:44   ,121.711,24.969620000000003,356,8492.76,-19.55,6.2,40.2310729,-2.94732589
2020/03/13 , 11:31:51   ,121.714,24.96878,353,8563.14,-20.04,5.7,34.070300599999996,-9.94349147
2020/03/13 , 11:31:52   ,121.71433,24.968729999999997,353,8566.73,-20.1,5.6,34.5619122,-5.72788516
2020/03/13 , 11:32:05   ,121.71947,24.96819,348,8637.44,-20.8,5.5,36.7440677,-5.96440367
2020/03/13 , 11:32:11   ,121.72158,24.96781,346,8722.7,-21.06,5.1,38.6249412,-0.0674133081
2020/03/13 , 11:32:12   ,121.72197,24.96783,346,8723.06,-21.1,5.0,41.569443799999995,0.007255236700000001
2020/03/13 , 11:32:17   ,121.72436,24.96754,344,8748.01,-21.32,4.4,35.0567251,-8.33229494
2020/03/13 , 11:32:41   ,121.73311000000001,24.96735,336,8935.38,-22.22,3.0,38.2576463,-6.3129334
2020/03/13 , 11:32:54   ,121.73811,24.96694,331,9018.23,-22.82,2.5,35.101877,-7.07777993
2020/03/13 , 11:33:04   ,121.74198999999999,24.966929999999998,328,9102.96,-23.37,2.2,36.576327,-8.19588827
2020/03/13 , 11:33:16   ,121.74636000000001,24.96661,324,9154.33,-23.97,2.0,35.104025799999995,-6.34151499
2020/03/13 , 11:33:17   ,121.74673999999999,24.96656,324,9170.51,-24.03,2.0,40.3198473,-6.79787826
2020/03/13 , 11:35:16   ,121.79301000000001,24.96831,287,10058.57,-30.91,0.6,44.188691799999994,-3.81161548
