P,H,T,RH,U,V
1019,11,15.5,96.0,-0.8,-0.8
1019,13,15.2,92.5,-0.4,-0.4
1019,15,15.3,89.9,-0.3,-0.2
1018,23,15.6,86.8,-0.3,-0.2
1017,29,15.8,83.8,-0.4,-0.2
1016,35,15.8,82.7,-0.4,-0.2
1015,42,15.7,82.8,-0.5,-0.2
1015,46,15.7,82.6,-0.6,-0.2
1014,51,15.7,82.2,-0.7,-0.2
1014,56,15.7,81.7,-0.8,-0.2
1013,60,15.7,81.3,-0.9,-0.2
1012,66,15.7,81.2,-1.0,-0.2
1012,72,15.6,81.2,-1.1,-0.2
1011,77,15.6,80.5,-1.2,-0.2
1011,82,15.6,80.0,-1.3,-0.2
1010,85,15.5,80.2,-1.5,-0.2
1009,91,15.5,80.6,-1.6,-0.2
1009,96,15.4,80.8,-1.7,-0.2
1008,103,15.4,80.9,-1.8,-0.3
1008,108,15.3,81.0,-2.0,-0.3
1007,113,15.3,80.9,-2.1,-0.3
1006,118,15.2,80.7,-2.2,-0.4
1006,122,15.2,80.9,-2.4,-0.5
1005,128,15.1,81.3,-2.4,-0.5
1004,136,15.1,81.1,-2.5,-0.6
1004,141,15.1,80.4,-2.7,-0.7
1003,144,15.0,79.7,-2.8,-0.8
1002,150,15.0,79.4,-2.9,-0.8
1002,155,15.0,80.0,-3.0,-0.9
1001,161,14.9,80.7,-3.1,-1.0
1000,167,14.8,80.4,-3.2,-1.1
1000,173,14.9,79.2,-3.3,-1.2
999,179,14.9,78.6,-3.3,-1.3
999,185,14.8,78.9,-3.5,-1.5
998,190,14.8,79.2,-3.6,-1.6
997,195,14.7,79.3,-3.6,-1.7
997,199,14.7,79.1,-3.7,-1.8
996,204,14.6,79.0,-3.8,-1.9
996,209,14.6,78.6,-3.9,-2.0
995,214,14.6,78.4,-4.0,-2.1
994,219,14.6,78.6,-4.0,-2.2
994,224,14.5,79.1,-4.1,-2.3
993,229,14.4,79.6,-4.1,-2.4
993,234,14.4,79.8,-4.2,-2.5
992,239,14.4,79.7,-4.3,-2.6
991,246,14.3,79.9,-4.3,-2.7
991,250,14.3,80.2,-4.4,-2.7
990,255,14.2,80.5,-4.5,-2.8
989,262,14.1,80.8,-4.6,-2.9
989,269,14.1,81.1,-4.6,-2.9
988,275,14.0,81.3,-4.7,-3.0
987,280,14.0,81.4,-4.7,-3.0
987,284,13.9,81.6,-4.8,-3.1
986,287,13.9,81.9,-4.9,-3.1
986,292,13.8,82.3,-4.9,-3.1
985,298,13.8,82.5,-5.0,-3.2
984,305,13.7,82.7,-5.0,-3.2
984,310,13.7,82.9,-5.1,-3.2
983,315,13.6,83.0,-5.1,-3.2
983,320,13.6,83.2,-5.2,-3.2
982,325,13.5,83.4,-5.2,-3.2
981,330,13.5,83.4,-5.2,-3.2
981,335,13.4,83.5,-5.3,-3.2
980,340,13.4,83.7,-5.3,-3.2
980,345,13.3,83.8,-5.3,-3.2
979,351,13.3,84.0,-5.3,-3.2
978,356,13.2,84.5,-5.3,-3.2
978,360,13.2,84.7,-5.3,-3.2
977,366,13.1,84.9,-5.3,-3.2
977,372,13.1,85.3,-5.3,-3.2
976,378,13.0,85.4,-5.2,-3.2
975,381,13.0,85.3,-5.2,-3.2
975,387,13.0,85.6,-5.2,-3.2
974,391,12.9,85.9,-5.1,-3.2
974,395,12.9,86.0,-5.1,-3.2
973,401,12.8,86.2,-5.0,-3.2
972,406,12.8,86.3,-5.0,-3.2
972,413,12.7,86.4,-4.9,-3.2
971,417,12.7,86.4,-4.9,-3.2
971,422,12.6,86.6,-4.8,-3.1
970,428,12.5,87.0,-4.7,-3.2
969,433,12.5,87.2,-4.6,-3.1
969,439,12.5,87.3,-4.6,-3.2
968,446,12.4,87.7,-4.5,-3.1
967,451,12.3,87.9,-4.5,-3.1
967,457,12.3,88.0,-4.4,-3.1
966,463,12.2,88.4,-4.4,-3.1
965,468,12.2,88.8,-4.4,-3.1
965,474,12.1,89.4,-4.4,-3.2
964,481,12.0,90.0,-4.3,-3.1
963,487,12.0,90.5,-4.3,-3.1
962,493,11.9,90.8,-4.3,-3.1
962,501,11.8,90.7,-4.3,-3.1
961,509,11.8,90.4,-4.3,-3.2
960,514,11.7,90.2,-4.3,-3.2
960,520,11.7,90.6,-4.3,-3.2
959,526,11.6,91.2,-4.3,-3.2
958,531,11.6,91.8,-4.4,-3.3
957,536,11.5,92.3,-4.4,-3.3
957,544,11.4,92.6,-4.4,-3.3
956,550,11.4,92.7,-4.5,-3.4
955,556,11.3,92.8,-4.5,-3.4
954,564,11.3,93.1,-4.5,-3.4
954,573,11.2,93.2,-4.5,-3.5
953,578,11.1,93.1,-4.5,-3.5
952,585,11.1,93.4,-4.6,-3.5
951,591,11.0,93.8,-4.6,-3.6
951,597,11.0,94.0,-4.6,-3.6
950,604,10.9,94.2,-4.5,-3.6
949,609,10.9,94.3,-4.6,-3.7
949,616,10.8,94.4,-4.6,-3.7
948,623,10.8,94.7,-4.6,-3.8
947,628,10.7,94.9,-4.5,-3.8
946,635,10.6,95.3,-4.5,-3.8
946,641,10.6,95.6,-4.5,-3.9
945,648,10.5,95.6,-4.4,-3.9
944,654,10.5,95.7,-4.3,-3.9
944,659,10.4,95.9,-4.2,-4.0
943,665,10.4,96.0,-4.2,-4.0
942,670,10.3,96.2,-4.1,-4.0
942,677,10.3,96.3,-4.0,-4.1
941,684,10.2,96.2,-4.0,-4.1
940,688,10.2,95.9,-3.8,-4.1
940,693,10.2,95.9,-3.8,-4.1
939,698,10.1,96.4,-3.6,-4.1
938,704,10.1,96.8,-3.6,-4.2
938,710,10.0,97.2,-3.5,-4.1
937,715,10.0,97.4,-3.4,-4.2
937,722,9.9,97.3,-3.3,-4.1
936,729,9.9,97.4,-3.3,-4.2
935,734,9.8,97.5,-3.2,-4.1
935,738,9.8,97.5,-3.1,-4.1
934,743,9.8,97.7,-3.1,-4.2
933,749,9.7,97.9,-3.0,-4.1
933,754,9.7,97.9,-3.0,-4.1
932,761,9.6,97.9,-3.0,-4.1
931,767,9.6,98.0,-3.0,-4.1
931,773,9.5,98.1,-3.0,-4.0
930,779,9.5,98.4,-3.0,-4.0
929,788,9.4,98.8,-3.0,-4.0
929,793,9.4,98.9,-3.1,-3.9
928,800,9.3,98.7,-3.1,-3.9
927,805,9.3,98.5,-3.2,-3.9
926,811,9.3,98.7,-3.3,-3.9
926,818,9.2,98.9,-3.3,-3.9
925,825,9.2,99.0,-3.4,-3.8
924,832,9.2,99.1,-3.5,-3.9
923,838,9.1,99.1,-3.5,-3.8
923,845,9.1,99.2,-3.6,-3.9
922,854,9.1,99.1,-3.7,-3.8
921,861,9.0,98.9,-3.8,-3.8
920,866,9.0,98.5,-3.8,-3.8
920,872,9.0,98.3,-3.9,-3.8
919,879,9.0,98.4,-4.0,-3.8
918,886,8.9,98.5,-4.1,-3.9
918,891,8.9,98.5,-4.2,-3.9
917,898,8.9,98.4,-4.2,-3.9
916,903,8.9,98.0,-4.3,-3.9
916,910,8.9,97.8,-4.3,-3.9
915,917,8.9,97.9,-4.4,-4.0
914,923,8.9,97.9,-4.4,-4.0
913,930,8.8,98.0,-4.4,-4.0
913,935,8.8,98.0,-4.4,-4.0
912,942,8.8,98.2,-4.4,-4.0
911,950,8.7,98.4,-4.4,-4.0
910,957,8.7,98.2,-4.5,-4.1
910,964,8.8,97.8,-4.5,-4.1
909,970,8.9,97.3,-4.5,-4.1
908,977,8.9,97.2,-4.5,-4.1
907,984,8.8,97.3,-4.5,-4.1
907,990,8.8,97.5,-4.5,-4.0
906,997,8.7,97.7,-4.5,-4.0
905,1005,8.7,98.0,-4.5,-4.0
904,1011,8.7,97.9,-4.5,-4.0
904,1017,8.6,98.1,-4.4,-3.9
903,1025,8.6,98.5,-4.4,-3.9
902,1031,8.6,98.7,-4.4,-3.8
902,1038,8.5,98.8,-4.4,-3.8
901,1043,8.5,99.0,-4.4,-3.7
900,1051,8.4,99.2,-4.4,-3.7
900,1056,8.4,99.2,-4.3,-3.6
899,1061,8.3,99.1,-4.3,-3.5
898,1068,8.3,99.2,-4.2,-3.4
898,1073,8.3,99.3,-4.2,-3.3
897,1081,8.3,99.4,-4.2,-3.3
896,1086,8.2,99.5,-4.1,-3.2
896,1093,8.2,99.2,-4.0,-3.1
895,1100,8.2,99.2,-4.0,-3.0
894,1105,8.2,99.4,-3.9,-3.0
894,1112,8.2,99.2,-3.8,-2.9
893,1118,8.2,99.0,-3.7,-2.9
892,1125,8.2,98.9,-3.6,-2.7
892,1130,8.2,98.6,-3.5,-2.7
891,1136,8.2,98.4,-3.4,-2.7
890,1142,8.3,98.2,-3.3,-2.6
890,1149,8.3,97.8,-3.2,-2.6
889,1156,8.4,97.4,-3.1,-2.6
888,1161,8.4,97.1,-2.9,-2.6
888,1168,8.4,96.9,-2.9,-2.6
887,1173,8.5,96.7,-2.8,-2.6
886,1178,8.7,96.1,-2.6,-2.6
886,1186,8.9,95.5,-2.5,-2.6
885,1191,9.0,94.9,-2.5,-2.6
884,1197,9.0,94.7,-2.4,-2.7
884,1204,9.0,94.9,-2.3,-2.6
883,1209,9.0,95.0,-2.3,-2.7
883,1214,9.0,95.0,-2.2,-2.7
882,1220,9.1,95.0,-2.2,-2.7
881,1226,9.1,95.1,-2.2,-2.7
881,1231,9.0,95.4,-2.1,-2.8
880,1239,9.0,95.7,-2.2,-2.9
879,1246,9.0,95.9,-2.2,-2.9
879,1252,9.0,95.7,-2.2,-2.9
878,1258,8.9,95.6,-2.3,-2.9
877,1264,8.9,95.7,-2.3,-2.9
877,1271,8.8,95.8,-2.3,-3.0
876,1277,8.8,95.9,-2.4,-3.0
875,1282,8.8,96.1,-2.5,-3.0
875,1288,8.7,96.5,-2.5,-3.1
874,1295,8.7,96.9,-2.6,-3.1
873,1302,8.6,97.2,-2.7,-3.1
873,1309,8.6,97.3,-2.7,-3.2
872,1315,8.5,97.2,-2.8,-3.2
871,1321,8.5,97.2,-2.9,-3.2
871,1328,8.4,97.6,-2.9,-3.3
870,1335,8.4,98.0,-2.9,-3.3
869,1340,8.3,98.1,-3.0,-3.3
869,1347,8.3,98.2,-3.0,-3.3
868,1353,8.3,98.4,-3.1,-3.4
867,1360,8.3,98.5,-3.2,-3.5
866,1367,8.2,98.6,-3.2,-3.5
866,1373,8.2,98.8,-3.2,-3.6
865,1379,8.1,98.8,-3.2,-3.6
864,1386,8.1,99.0,-3.2,-3.6
864,1392,8.1,99.2,-3.3,-3.6
863,1399,8.1,99.3,-3.3,-3.6
862,1405,8.0,99.2,-3.3,-3.7
862,1410,8.0,99.1,-3.3,-3.7
861,1416,8.0,99.1,-3.3,-3.7
860,1424,8.0,99.3,-3.3,-3.7
860,1431,7.9,99.5,-3.3,-3.7
859,1438,7.9,99.5,-3.4,-3.7
858,1445,7.9,99.6,-3.4,-3.7
858,1452,7.8,99.5,-3.3,-3.6
857,1457,7.8,99.3,-3.3,-3.6
856,1463,7.8,99.3,-3.4,-3.6
856,1469,7.8,99.4,-3.3,-3.5
855,1477,7.7,99.3,-3.3,-3.4
854,1484,7.7,99.2,-3.4,-3.4
853,1491,7.7,99.2,-3.3,-3.3
853,1500,7.8,99.4,-3.4,-3.3
852,1506,7.7,99.4,-3.3,-3.2
851,1513,7.8,99.6,-3.3,-3.2
851,1520,7.8,99.7,-3.3,-3.1
850,1526,7.7,99.5,-3.3,-3.1
849,1531,7.7,99.5,-3.2,-3.0
849,1539,7.7,99.8,-3.2,-3.0
848,1547,7.6,100.0,-3.2,-2.9
847,1555,7.6,100.0,-3.2,-2.9
846,1560,7.6,99.7,-3.2,-2.9
846,1566,7.6,99.5,-3.1,-2.9
845,1572,7.6,99.5,-3.0,-2.9
844,1579,7.6,99.7,-3.0,-2.9
844,1585,7.6,99.7,-3.0,-3.0
843,1592,7.5,99.7,-2.9,-3.0
842,1600,7.5,99.7,-2.9,-3.0
842,1605,7.5,99.5,-2.9,-3.1
841,1612,7.5,99.7,-2.8,-3.1
840,1621,7.5,99.8,-2.8,-3.2
840,1626,7.5,99.8,-2.7,-3.2
839,1632,7.5,99.9,-2.6,-3.3
838,1639,7.4,100.0,-2.6,-3.3
838,1645,7.4,100.0,-2.5,-3.4
837,1653,7.4,100.0,-2.5,-3.4
836,1661,7.4,100.0,-2.4,-3.5
836,1667,7.4,99.9,-2.2,-3.4
835,1672,7.4,99.6,-2.2,-3.5
834,1679,7.4,99.5,-2.1,-3.5
834,1686,7.4,99.8,-2.0,-3.6
833,1693,7.4,100.0,-1.9,-3.6
832,1699,7.4,100.0,-1.7,-3.6
832,1705,7.4,99.9,-1.6,-3.7
831,1711,7.4,99.8,-1.4,-3.7
830,1717,7.4,99.7,-1.3,-3.7
830,1724,7.4,99.9,-1.1,-3.7
829,1730,7.4,100.0,-0.9,-3.8
829,1737,7.4,99.9,-0.7,-3.8
828,1744,7.4,99.7,-0.5,-3.9
827,1749,7.4,99.6,-0.3,-4.0
827,1755,7.4,99.7,-0.1,-4.0
826,1761,7.4,99.9,0.1,-4.1
825,1770,7.4,100.0,0.3,-4.2
824,1778,7.5,100.0,0.6,-4.3
824,1785,7.6,100.0,0.8,-4.3
823,1793,7.7,100.0,1.0,-4.4
822,1800,8.0,100.0,1.3,-4.5
822,1807,8.3,100.0,1.5,-4.7
821,1814,8.3,100.0,1.7,-4.7
820,1821,8.4,99.9,2.0,-4.8
820,1826,8.5,99.7,2.2,-4.9
819,1830,8.5,99.4,2.4,-5.1
818,1837,8.5,99.5,2.6,-5.2
818,1846,8.5,99.7,2.9,-5.3
817,1852,8.5,99.8,3.1,-5.4
816,1860,8.4,99.9,3.3,-5.5
816,1867,8.4,100.0,3.5,-5.6
815,1874,8.4,100.0,3.7,-5.7
814,1881,8.5,100.0,3.9,-5.7
813,1888,8.5,99.9,4.1,-5.8
813,1895,8.6,99.7,4.3,-5.8
812,1903,8.7,99.6,4.5,-5.8
811,1911,8.7,99.5,4.7,-5.8
811,1920,8.7,99.4,4.9,-5.8
810,1925,8.7,99.2,5.1,-5.8
809,1932,8.7,99.2,5.2,-5.7
808,1940,8.7,99.5,5.4,-5.6
808,1946,8.7,99.6,5.6,-5.6
807,1953,8.7,99.7,5.7,-5.4
806,1960,8.7,99.8,5.9,-5.4
806,1967,8.7,99.5,6.0,-5.2
805,1975,8.7,99.4,6.3,-5.2
804,1981,8.8,99.6,6.4,-5.0
804,1987,8.8,99.6,6.5,-4.8
803,1994,8.9,99.7,6.6,-4.7
802,2003,8.9,99.8,6.8,-4.6
802,2010,9.0,99.8,6.9,-4.4
801,2019,9.0,99.5,7.0,-4.3
800,2028,8.9,99.4,7.1,-4.1
799,2032,8.9,99.5,7.2,-4.0
799,2038,8.9,99.4,7.3,-3.8
798,2045,9.0,99.6,7.3,-3.7
797,2052,9.1,99.5,7.3,-3.5
797,2061,9.2,99.5,7.4,-3.4
796,2068,9.3,99.4,7.4,-3.3
795,2076,9.4,99.1,7.4,-3.2
795,2083,9.5,98.7,7.5,-3.1
794,2090,9.6,98.1,7.5,-3.1
793,2095,9.6,97.7,7.5,-3.0
793,2101,9.7,97.5,7.4,-2.9
792,2107,9.7,97.7,7.4,-2.9
791,2115,9.7,98.0,7.5,-2.9
791,2123,9.8,98.1,7.5,-2.9
790,2132,9.8,97.9,7.6,-2.9
790,2137,9.7,97.4,7.6,-2.9
789,2143,9.7,97.2,7.6,-2.9
788,2148,9.7,97.5,7.7,-2.9
788,2153,9.6,97.8,7.7,-2.9
787,2159,9.6,98.0,7.8,-3.0
787,2164,9.6,98.0,7.9,-3.0
786,2169,9.5,97.9,8.0,-3.0
786,2175,9.5,97.8,8.1,-3.0
785,2181,9.5,97.6,8.2,-3.0
785,2187,9.4,97.5,8.3,-3.0
784,2195,9.4,97.4,8.4,-3.0
783,2202,9.4,97.2,8.5,-3.0
783,2209,9.3,97.2,8.7,-2.9
782,2216,9.3,97.3,8.8,-2.9
781,2223,9.2,97.4,9.1,-2.9
781,2230,9.2,97.6,9.2,-2.8
780,2237,9.1,97.6,9.4,-2.8
779,2243,9.1,97.5,9.5,-2.7
779,2250,9.1,97.5,9.7,-2.6
778,2258,9.0,97.7,9.9,-2.6
778,2265,9.0,97.4,10.1,-2.5
777,2271,9.0,96.8,10.2,-2.4
776,2276,9.0,96.5,10.4,-2.4
776,2284,8.9,96.4,10.6,-2.3
775,2291,8.9,96.5,10.7,-2.2
775,2295,8.9,96.5,10.9,-2.2
774,2302,8.8,96.6,11.0,-2.1
773,2309,8.8,97.0,11.1,-2.1
773,2315,8.7,97.2,11.2,-2.0
772,2320,8.7,97.1,11.3,-2.0
772,2325,8.7,97.1,11.3,-2.0
771,2331,8.7,97.2,11.4,-2.0
771,2337,8.6,97.3,11.5,-2.0
770,2342,8.6,97.4,11.5,-2.0
770,2347,8.6,97.5,11.5,-2.0
769,2352,8.5,97.6,11.6,-2.0
769,2358,8.5,97.7,11.6,-2.1
768,2364,8.5,97.9,11.6,-2.2
767,2370,8.4,98.0,11.6,-2.2
767,2378,8.4,98.0,11.6,-2.3
766,2386,8.4,97.9,11.6,-2.4
766,2391,8.3,97.5,11.5,-2.4
765,2397,8.3,97.5,11.5,-2.5
764,2405,8.2,97.7,11.4,-2.6
764,2410,8.2,97.7,11.4,-2.7
763,2417,8.2,97.5,11.4,-2.8
763,2425,8.2,97.2,11.3,-2.9
762,2431,8.2,96.9,11.3,-2.9
761,2437,8.1,96.9,11.3,-3.0
761,2445,8.1,97.3,11.2,-3.0
760,2450,8.0,97.4,11.2,-3.1
760,2456,8.0,97.6,11.2,-3.2
759,2464,7.9,98.1,11.1,-3.2
758,2470,7.9,98.4,11.1,-3.3
758,2475,7.8,98.6,11.2,-3.3
757,2481,7.8,99.1,11.2,-3.4
757,2488,7.7,99.6,11.2,-3.4
756,2494,7.7,99.5,11.2,-3.4
756,2500,7.7,99.1,11.2,-3.4
755,2507,7.6,99.2,11.3,-3.4
754,2514,7.6,99.5,11.3,-3.4
754,2521,7.6,99.4,11.3,-3.4
753,2528,7.5,99.3,11.4,-3.4
753,2534,7.5,99.2,11.4,-3.4
752,2541,7.4,99.1,11.4,-3.3
751,2548,7.4,99.3,11.5,-3.3
751,2554,7.4,99.2,11.5,-3.3
750,2561,7.4,98.9,11.5,-3.3
750,2565,7.3,98.6,11.6,-3.3
749,2572,7.3,98.8,11.6,-3.3
749,2578,7.3,99.1,11.7,-3.3
748,2584,7.2,99.3,11.7,-3.2
747,2590,7.2,99.1,11.7,-3.2
747,2598,7.2,98.6,11.7,-3.2
746,2605,7.1,98.2,11.7,-3.2
746,2611,7.1,97.8,11.7,-3.2
745,2615,7.1,97.4,11.6,-3.2
745,2622,7.1,97.6,11.6,-3.2
744,2628,7.0,97.9,11.6,-3.2
743,2636,7.0,98.0,11.5,-3.2
743,2643,6.9,98.3,11.5,-3.2
742,2649,6.9,98.4,11.4,-3.2
742,2656,6.8,98.1,11.3,-3.2
741,2661,6.8,97.8,11.2,-3.2
741,2666,6.8,97.6,11.1,-3.2
740,2671,6.8,97.9,11.1,-3.3
740,2676,6.7,98.5,11.0,-3.3
739,2683,6.7,99.0,11.0,-3.3
739,2689,6.7,99.3,10.9,-3.3
738,2694,6.6,99.2,10.9,-3.3
737,2700,6.6,98.8,10.9,-3.4
737,2707,6.6,98.3,10.9,-3.4
736,2714,6.5,98.1,10.9,-3.4
736,2722,6.5,98.3,10.8,-3.4
735,2728,6.4,98.1,10.8,-3.4
734,2734,6.4,98.1,10.9,-3.5
734,2739,6.4,98.7,10.8,-3.5
733,2747,6.3,99.5,10.8,-3.5
733,2756,6.3,99.8,10.8,-3.5
732,2764,6.2,99.6,10.9,-3.6
731,2772,6.2,99.2,10.9,-3.6
731,2777,6.1,98.9,11.0,-3.6
730,2782,6.1,98.9,11.0,-3.6
730,2787,6.1,99.2,11.1,-3.7
729,2793,6.0,99.2,11.1,-3.7
729,2798,6.0,98.8,11.2,-3.7
728,2803,6.0,97.7,11.2,-3.7
728,2811,6.0,97.0,11.3,-3.7
727,2818,5.9,96.8,11.4,-3.8
727,2824,5.9,97.3,11.4,-3.8
726,2832,5.8,98.0,11.5,-3.8
725,2837,5.8,98.6,11.5,-3.8
725,2842,5.7,98.8,11.6,-3.8
724,2849,5.7,98.9,11.6,-3.8
724,2856,5.7,98.8,11.6,-3.8
723,2861,5.6,99.0,11.7,-3.8
723,2867,5.6,99.4,11.7,-3.8
722,2874,5.5,99.5,11.7,-3.8
721,2881,5.5,99.5,11.7,-3.7
721,2888,5.4,99.5,11.7,-3.7
720,2894,5.4,99.6,11.8,-3.7
720,2900,5.4,99.7,11.8,-3.7
719,2906,5.3,99.8,11.8,-3.7
719,2913,5.3,99.9,11.9,-3.6
718,2922,5.3,100.0,11.9,-3.6
717,2926,5.2,100.0,11.9,-3.6
717,2933,5.2,99.7,11.9,-3.6
716,2942,5.2,99.5,11.9,-3.5
716,2948,5.1,99.6,11.9,-3.5
715,2954,5.1,99.5,11.9,-3.5
714,2960,5.1,99.5,11.9,-3.5
714,2968,5.0,99.7,12.0,-3.5
713,2975,5.0,99.8,12.0,-3.5
713,2981,5.0,99.7,12.0,-3.5
712,2989,4.9,99.7,12.0,-3.5
711,2997,4.9,99.8,12.1,-3.5
711,3002,4.9,99.9,12.1,-3.5
710,3007,4.9,99.9,12.2,-3.5
710,3016,4.9,100.0,12.2,-3.5
709,3025,4.8,100.0,12.3,-3.6
708,3034,4.8,100.0,12.4,-3.6
708,3041,4.7,100.0,12.5,-3.7
707,3046,4.7,99.8,12.5,-3.7
707,3052,4.6,99.5,12.6,-3.7
706,3059,4.5,99.8,12.6,-3.8
705,3065,4.5,100.0,12.7,-3.8
705,3070,4.4,100.0,12.8,-3.9
704,3077,4.4,100.0,12.9,-3.9
704,3083,4.4,100.0,13.0,-4.0
703,3089,4.3,100.0,13.1,-4.1
703,3095,4.3,100.0,13.2,-4.1
702,3100,4.3,100.0,13.2,-4.2
702,3106,4.2,100.0,13.3,-4.3
702,3110,4.2,100.0,13.3,-4.3
701,3116,4.2,100.0,13.4,-4.5
701,3122,4.2,100.0,13.5,-4.5
700,3127,4.1,100.0,13.5,-4.6
700,3132,4.1,100.0,13.6,-4.7
699,3137,4.1,100.0,13.7,-4.8
699,3144,4.0,100.0,13.7,-4.9
698,3153,4.0,100.0,13.7,-4.9
697,3159,3.9,100.0,13.8,-5.0
697,3166,3.9,99.7,13.8,-5.1
696,3173,3.8,99.5,13.9,-5.2
696,3178,3.8,99.3,13.9,-5.2
695,3183,3.8,99.4,13.9,-5.3
695,3191,3.8,99.9,13.9,-5.3
694,3196,3.7,100.0,14.0,-5.3
694,3201,3.7,100.0,14.0,-5.3
693,3208,3.6,99.8,14.1,-5.4
693,3215,3.6,99.9,14.1,-5.3
692,3220,3.6,99.9,14.2,-5.3
691,3229,3.5,99.8,14.2,-5.3
691,3237,3.5,99.8,14.3,-5.3
690,3244,3.5,100.0,14.4,-5.3
690,3248,3.4,99.8,14.4,-5.2
689,3255,3.4,99.8,14.5,-5.1
689,3261,3.4,100.0,14.5,-5.1
688,3268,3.3,100.0,14.7,-5.0
688,3273,3.3,100.0,14.7,-4.9
687,3280,3.3,100.0,14.8,-4.9
687,3286,3.2,100.0,14.9,-4.8
686,3291,3.2,100.0,14.9,-4.7
686,3296,3.2,100.0,15.0,-4.6
685,3303,3.2,100.0,15.0,-4.5
684,3310,3.1,100.0,15.2,-4.4
684,3317,3.1,100.0,15.2,-4.4
683,3324,3.1,99.8,15.3,-4.3
683,3330,3.0,99.7,15.4,-4.2
682,3337,3.0,99.9,15.5,-4.1
682,3345,3.0,100.0,15.6,-4.1
681,3351,2.9,100.0,15.6,-4.0
681,3356,2.9,100.0,15.7,-4.0
680,3363,2.9,100.0,15.7,-3.9
679,3371,2.9,100.0,15.8,-3.9
679,3379,2.8,100.0,15.8,-3.8
678,3387,2.8,100.0,16.0,-3.8
678,3393,2.7,100.0,16.1,-3.8
677,3399,2.7,99.8,16.1,-3.7
677,3406,2.7,99.8,16.2,-3.7
676,3414,2.6,100.0,16.2,-3.6
675,3419,2.6,100.0,16.3,-3.6
675,3425,2.6,100.0,16.4,-3.6
674,3430,2.5,100.0,16.4,-3.6
674,3438,2.5,100.0,16.5,-3.5
673,3443,2.5,99.9,16.5,-3.5
673,3449,2.4,100.0,16.7,-3.4
672,3456,2.4,100.0,16.8,-3.4
672,3465,2.4,100.0,16.8,-3.3
671,3473,2.3,100.0,16.9,-3.3
671,3477,2.3,100.0,16.9,-3.2
670,3482,2.3,99.6,17.0,-3.2
670,3490,2.3,99.9,17.0,-3.1
669,3496,2.2,100.0,17.1,-3.0
668,3503,2.2,100.0,17.1,-3.0
668,3510,2.2,100.0,17.3,-2.9
667,3516,2.1,99.7,17.3,-2.9
667,3521,2.1,99.7,17.4,-2.8
666,3527,2.1,100.0,17.5,-2.8
666,3534,2.0,100.0,17.5,-2.7
665,3540,2.0,100.0,17.5,-2.6
665,3547,2.0,100.0,17.6,-2.6
664,3553,2.0,100.0,17.6,-2.5
664,3558,2.0,100.0,17.7,-2.5
663,3565,2.0,100.0,17.7,-2.4
663,3570,2.1,100.0,17.8,-2.3
662,3576,2.1,100.0,17.9,-2.3
662,3583,2.0,100.0,18.0,-2.3
661,3587,2.0,100.0,18.0,-2.2
661,3593,2.0,100.0,18.1,-2.2
661,3599,1.9,100.0,18.1,-2.1
660,3605,1.9,100.0,18.2,-2.0
660,3610,1.9,100.0,18.3,-2.0
659,3617,1.9,99.9,18.3,-1.9
659,3622,1.9,100.0,18.4,-1.8
658,3628,1.8,100.0,18.5,-1.8
658,3634,1.8,100.0,18.6,-1.7
657,3640,1.8,100.0,18.7,-1.6
657,3645,1.8,99.9,18.8,-1.5
656,3651,1.7,99.9,18.9,-1.5
656,3658,1.7,99.9,19.1,-1.4
655,3667,1.7,100.0,19.3,-1.3
655,3674,1.6,99.9,19.4,-1.3
654,3679,1.6,99.7,19.6,-1.2
654,3685,1.6,99.6,19.7,-1.1
653,3691,1.5,99.5,19.9,-1.0
653,3697,1.5,99.5,20.0,-1.0
652,3703,1.5,99.7,20.2,-1.0
652,3709,1.4,99.9,20.4,-0.9
651,3714,1.4,100.0,20.5,-0.9
651,3718,1.4,100.0,20.7,-0.8
650,3725,1.4,100.0,20.8,-0.8
650,3731,1.3,100.0,21.0,-0.8
649,3737,1.3,99.6,21.1,-0.7
649,3743,1.3,99.2,21.2,-0.7
648,3747,1.3,99.0,21.4,-0.7
648,3753,1.2,99.0,21.5,-0.7
648,3759,1.2,99.3,21.6,-0.7
647,3765,1.2,99.9,21.7,-0.7
647,3772,1.1,100.0,21.7,-0.7
646,3780,1.1,100.0,21.8,-0.8
645,3785,1.1,100.0,21.9,-0.8
645,3790,1.1,100.0,21.9,-0.8
644,3797,1.0,100.0,22.0,-0.8
644,3804,1.0,100.0,22.0,-0.8
643,3811,0.9,100.0,22.0,-0.8
643,3820,0.9,99.9,22.0,-0.9
642,3827,0.8,99.7,22.0,-0.9
642,3834,0.8,99.5,22.0,-0.9
641,3840,0.8,99.4,22.0,-0.9
641,3844,0.8,99.4,22.0,-1.0
640,3850,0.7,99.6,22.0,-1.0
640,3858,0.7,100.0,22.0,-1.0
639,3864,0.6,100.0,22.0,-1.0
639,3870,0.6,99.9,21.9,-1.0
638,3875,0.6,99.8,21.9,-1.1
638,3881,0.6,99.8,21.9,-1.1
637,3888,0.5,99.8,21.9,-1.1
637,3894,0.5,99.8,21.9,-1.1
636,3901,0.4,99.8,21.9,-1.1
636,3910,0.4,100.0,21.9,-1.1
635,3916,0.4,100.0,22.0,-1.2
635,3923,0.3,100.0,22.0,-1.2
634,3931,0.3,100.0,22.0,-1.2
633,3937,0.2,99.9,22.1,-1.2
633,3944,0.2,99.8,22.1,-1.2
632,3950,0.2,100.0,22.2,-1.2
632,3957,0.1,100.0,22.2,-1.2
631,3962,0.1,100.0,22.3,-1.1
631,3967,0.1,100.0,22.4,-1.1
631,3974,0.0,100.0,22.5,-1.1
630,3980,0.0,100.0,22.5,-1.1
630,3985,0.0,100.0,22.6,-1.0
629,3992,-0.1,100.0,22.7,-1.0
629,3997,-0.1,100.0,22.8,-1.0
628,4003,-0.1,100.0,22.9,-0.9
628,4009,-0.2,99.8,23.0,-0.8
627,4014,-0.2,99.7,23.1,-0.8
627,4019,-0.2,100.0,23.2,-0.8
627,4025,-0.3,100.0,23.3,-0.7
626,4031,-0.3,100.0,23.4,-0.7
626,4035,-0.3,100.0,23.5,-0.6
625,4040,-0.3,100.0,23.6,-0.5
625,4046,-0.4,100.0,23.7,-0.5
624,4051,-0.4,100.0,23.8,-0.4
624,4056,-0.4,100.0,23.8,-0.4
624,4061,-0.5,100.0,23.9,-0.3
623,4068,-0.5,100.0,24.0,-0.3
623,4072,-0.5,100.0,24.1,-0.2
622,4076,-0.6,100.0,24.1,-0.2
622,4081,-0.6,100.0,24.2,-0.1
622,4089,-0.6,100.0,24.2,-0.1
621,4095,-0.7,100.0,24.2,0.0
621,4101,-0.7,99.8,24.3,0.0
620,4106,-0.7,99.5,24.3,0.0
620,4112,-0.7,99.7,24.3,0.0
619,4118,-0.8,100.0,24.3,0.1
619,4125,-0.8,100.0,24.4,0.1
618,4132,-0.9,100.0,24.4,0.1
618,4138,-0.9,100.0,24.4,0.2
617,4144,-0.9,100.0,24.4,0.2
617,4152,-1.0,99.9,24.4,0.3
616,4157,-1.0,99.8,24.4,0.3
616,4164,-1.0,99.8,24.4,0.4
615,4170,-1.1,99.9,24.5,0.4
615,4176,-1.1,99.9,24.5,0.5
614,4184,-1.1,100.0,24.5,0.6
614,4190,-1.2,100.0,24.5,0.6
613,4195,-1.2,100.0,24.6,0.7
613,4201,-1.2,100.0,24.6,0.7
612,4208,-1.3,100.0,24.7,0.8
612,4214,-1.3,100.0,24.7,0.9
611,4222,-1.3,100.0,24.8,1.0
611,4228,-1.4,100.0,24.9,1.0
610,4236,-1.4,100.0,24.9,1.1
610,4243,-1.5,100.0,25.0,1.2
609,4250,-1.5,100.0,25.1,1.2
609,4256,-1.5,100.0,25.2,1.3
608,4262,-1.6,100.0,25.3,1.4
608,4269,-1.6,100.0,25.4,1.4
607,4274,-1.6,100.0,25.5,1.5
607,4281,-1.7,100.0,25.6,1.5
606,4287,-1.7,100.0,25.6,1.6
606,4293,-1.7,100.0,25.6,1.7
605,4299,-1.8,100.0,25.7,1.7
605,4306,-1.8,100.0,25.8,1.8
604,4311,-1.8,100.0,25.9,1.8
604,4316,-1.9,100.0,25.9,1.9
604,4323,-1.9,100.0,26.0,1.9
603,4330,-2.0,100.0,26.1,2.0
603,4335,-2.0,100.0,26.1,2.1
602,4341,-2.0,100.0,26.2,2.1
602,4346,-2.1,100.0,26.2,2.2
601,4352,-2.1,100.0,26.2,2.2
601,4360,-2.1,100.0,26.3,2.3
600,4369,-2.2,100.0,26.3,2.3
600,4375,-2.3,100.0,26.4,2.4
599,4381,-2.3,99.9,26.4,2.5
599,4388,-2.3,99.6,26.4,2.5
598,4395,-2.4,99.9,26.5,2.6
598,4400,-2.4,100.0,26.5,2.7
597,4408,-2.5,100.0,26.6,2.7
597,4416,-2.5,100.0,26.6,2.8
596,4424,-2.5,100.0,26.6,2.9
596,4428,-2.6,100.0,26.7,3.0
595,4437,-2.6,100.0,26.8,3.0
594,4446,-2.7,100.0,26.9,3.1
594,4452,-2.8,100.0,27.1,3.1
593,4460,-2.8,100.0,27.2,3.2
593,4466,-2.9,99.8,27.4,3.3
592,4471,-2.9,99.4,27.5,3.3
592,4478,-2.9,99.0,27.7,3.4
591,4484,-3.0,99.0,27.9,3.4
591,4490,-3.0,99.3,28.0,3.4
590,4498,-3.0,99.7,28.2,3.5
590,4507,-3.1,100.0,28.4,3.5
589,4513,-3.1,99.9,28.6,3.6
589,4519,-3.2,99.1,28.8,3.6
588,4525,-3.2,98.2,28.9,3.6
588,4532,-3.2,97.1,29.1,3.7
587,4541,-3.2,96.1,29.3,3.7
587,4550,-3.3,95.8,29.5,3.8
586,4557,-3.3,95.5,29.6,3.8
586,4563,-3.4,95.0,29.8,3.8
585,4569,-3.4,95.0,29.8,3.9
585,4576,-3.4,95.0,29.9,3.9
584,4581,-3.5,94.9,30.0,3.9
584,4587,-3.5,94.8,30.1,3.9
583,4594,-3.5,94.8,30.2,3.9
583,4600,-3.6,95.0,30.3,3.9
582,4608,-3.6,95.3,30.4,4.0
582,4616,-3.7,95.8,30.4,4.0
581,4622,-3.7,96.0,30.5,4.0
581,4630,-3.8,95.9,30.5,4.0
580,4636,-3.8,95.8,30.6,4.0
580,4644,-3.9,95.9,30.6,4.0
579,4650,-3.9,96.2,30.6,4.0
579,4658,-3.9,96.4,30.7,4.0
578,4665,-4.0,96.4,30.7,3.9
578,4671,-4.0,96.3,30.7,3.9
577,4678,-4.1,95.9,30.7,3.9
577,4685,-4.1,95.4,30.8,4.0
576,4692,-4.2,95.0,30.9,3.9
576,4699,-4.2,95.0,30.9,3.9
575,4708,-4.2,95.2,31.0,3.9
574,4718,-4.3,95.7,31.0,3.9
574,4725,-4.3,95.9,31.1,3.9
573,4731,-4.4,95.5,31.1,3.9
573,4737,-4.4,95.0,31.1,4.0
572,4744,-4.5,94.3,31.2,4.0
572,4750,-4.5,92.9,31.2,4.0
571,4755,-4.6,91.5,31.3,4.1
571,4762,-4.7,91.4,31.4,4.1
570,4770,-4.7,92.3,31.5,4.1
570,4779,-4.8,93.2,31.6,4.2
569,4784,-4.8,92.9,31.7,4.2
569,4789,-4.9,92.2,31.8,4.2
569,4797,-4.9,92.0,31.9,4.3
568,4803,-5.0,92.0,32.0,4.3
568,4811,-5.0,91.9,32.1,4.3
567,4819,-5.1,92.2,32.2,4.4
567,4825,-5.1,92.8,32.3,4.4
566,4830,-5.2,93.4,32.4,4.4
566,4837,-5.2,93.8,32.5,4.4
565,4842,-5.2,94.1,32.6,4.4
565,4847,-5.3,93.9,32.7,4.4
564,4853,-5.3,93.5,32.8,4.3
564,4859,-5.4,93.4,32.9,4.3
564,4867,-5.4,93.8,33.0,4.3
563,4873,-5.5,94.0,33.1,4.2
563,4879,-5.5,94.2,33.1,4.2
562,4886,-5.5,94.2,33.3,4.1
562,4893,-5.6,94.4,33.3,4.0
561,4898,-5.6,94.4,33.4,4.0
561,4905,-5.7,94.3,33.4,3.9
560,4913,-5.7,94.3,33.4,3.8
560,4918,-5.8,94.5,33.5,3.8
559,4925,-5.8,95.0,33.5,3.7
559,4931,-5.8,95.6,33.5,3.6
559,4936,-5.9,96.3,33.5,3.5
558,4941,-5.9,96.6,33.5,3.5
558,4947,-6.0,96.6,33.4,3.4
557,4952,-6.1,96.7,33.4,3.3
557,4957,-6.1,96.9,33.4,3.3
557,4962,-6.2,97.1,33.4,3.3
556,4967,-6.2,97.2,33.3,3.3
556,4974,-6.2,97.5,33.3,3.2
555,4979,-6.3,97.5,33.3,3.2
555,4984,-6.3,97.5,33.2,3.2
555,4992,-6.4,97.7,33.2,3.2
554,5001,-6.4,98.2,33.2,3.2
554,5006,-6.5,98.6,33.1,3.2
553,5012,-6.5,98.5,33.1,3.2
553,5018,-6.6,98.4,33.1,3.3
552,5024,-6.6,98.6,33.1,3.4
552,5029,-6.7,98.6,33.1,3.4
551,5036,-6.7,98.7,33.1,3.5
551,5042,-6.7,99.1,33.1,3.5
551,5048,-6.7,98.8,33.1,3.6
550,5053,-6.7,98.3,33.2,3.7
550,5059,-6.8,98.5,33.2,3.8
549,5067,-6.9,99.3,33.3,3.9
549,5075,-7.0,100.0,33.3,4.0
548,5083,-7.0,100.0,33.4,4.0
548,5091,-7.0,99.7,33.4,4.2
547,5098,-7.1,99.4,33.4,4.3
547,5104,-7.2,99.3,33.5,4.4
546,5109,-7.2,99.4,33.6,4.5
546,5115,-7.2,99.5,33.7,4.6
545,5123,-7.3,99.8,33.8,4.7
545,5129,-7.3,100.0,33.9,4.8
545,5134,-7.4,99.8,33.9,4.9
544,5138,-7.4,99.5,34.0,5.0
544,5143,-7.4,99.5,34.1,5.1
543,5151,-7.5,99.7,34.2,5.2
543,5157,-7.5,99.2,34.2,5.3
543,5163,-7.5,97.5,34.3,5.4
542,5168,-7.4,94.3,34.4,5.5
542,5173,-7.4,89.8,34.5,5.6
542,5176,-7.3,85.6,34.5,5.7
541,5181,-7.2,81.3,34.6,5.7
541,5187,-7.2,77.3,34.6,5.8
540,5192,-7.2,72.7,34.7,5.9
540,5197,-7.1,67.9,34.8,5.9
540,5207,-7.0,63.6,34.8,6.0
539,5213,-7.1,59.6,34.9,6.1
539,5217,-7.1,54.9,35.0,6.1
538,5221,-7.1,50.4,35.0,6.2
538,5226,-7.0,47.0,35.0,6.2
538,5232,-7.0,45.5,35.0,6.2
537,5239,-6.9,45.9,35.1,6.3
537,5248,-6.8,46.6,35.1,6.3
536,5257,-6.7,46.5,35.1,6.3
536,5265,-6.6,45.7,35.2,6.4
535,5274,-6.6,46.1,35.3,6.4
535,5279,-6.6,47.2,35.3,6.4
534,5285,-6.4,47.9,35.4,6.5
534,5293,-6.3,48.3,35.4,6.5
533,5299,-6.3,48.8,35.5,6.6
533,5305,-6.4,48.7,35.5,6.6
532,5312,-6.3,47.5,35.6,6.7
532,5318,-6.3,45.7,35.6,6.7
531,5325,-6.4,44.0,35.7,6.7
531,5331,-6.4,43.5,35.7,6.7
531,5336,-6.4,44.3,35.7,6.8
530,5342,-6.3,45.2,35.8,6.8
530,5349,-6.3,45.0,35.7,6.9
529,5356,-6.3,44.4,35.7,6.9
529,5363,-6.3,44.1,35.8,7.0
528,5369,-6.3,43.9,35.8,7.0
528,5375,-6.3,43.9,35.8,7.0
528,5383,-6.3,44.2,35.8,7.0
527,5389,-6.3,44.4,35.8,7.0
527,5395,-6.3,44.4,35.8,7.0
526,5402,-6.4,44.6,35.8,7.0
526,5409,-6.4,44.7,35.8,7.0
525,5414,-6.4,45.3,35.7,6.9
525,5421,-6.4,46.5,35.7,6.9
524,5428,-6.4,47.6,35.7,6.9
524,5433,-6.4,48.0,35.7,6.9
524,5441,-6.4,48.1,35.8,6.8
523,5450,-6.4,48.5,35.8,6.8
523,5455,-6.4,48.8,35.7,6.7
522,5462,-6.4,48.6,35.7,6.7
522,5469,-6.5,48.6,35.8,6.6
521,5476,-6.5,48.9,35.8,6.5
521,5481,-6.6,49.1,35.8,6.4
521,5488,-6.6,49.1,35.8,6.4
520,5493,-6.6,48.8,35.9,6.3
520,5499,-6.6,48.3,36.0,6.2
519,5505,-6.6,47.9,36.0,6.1
519,5511,-6.7,47.4,36.1,6.0
518,5518,-6.7,47.1,36.1,5.9
518,5525,-6.7,47.3,36.2,5.8
518,5531,-6.8,47.6,36.4,5.7
517,5536,-6.8,47.4,36.4,5.6
517,5541,-6.8,46.8,36.5,5.5
517,5546,-6.8,46.3,36.6,5.3
516,5551,-6.8,45.4,36.7,5.2
516,5557,-6.8,43.2,36.7,5.1
515,5563,-6.8,39.2,36.9,5.0
515,5570,-6.7,35.8,37.0,4.9
515,5576,-6.7,35.0,37.1,4.8
514,5582,-6.8,35.6,37.1,4.6
514,5590,-6.9,36.0,37.2,4.5
513,5595,-6.9,35.9,37.3,4.3
513,5600,-6.9,35.6,37.4,4.2
513,5607,-6.9,35.0,37.4,4.1
512,5614,-7.0,34.7,37.4,3.9
512,5620,-7.0,34.9,37.4,3.7
511,5625,-7.1,35.1,37.4,3.6
511,5631,-7.1,34.5,37.4,3.4
511,5638,-7.1,33.2,37.5,3.3
510,5644,-7.1,31.4,37.4,3.1
510,5650,-7.1,29.3,37.4,2.9
509,5656,-7.0,27.1,37.4,2.7
509,5661,-7.0,25.4,37.3,2.5
509,5666,-7.0,24.8,37.3,2.4
508,5672,-7.0,24.7,37.2,2.2
508,5678,-7.0,24.7,37.2,2.0
507,5686,-7.1,24.5,37.2,1.8
507,5694,-7.1,24.4,37.2,1.7
506,5700,-7.2,24.5,37.2,1.5
506,5706,-7.2,24.3,37.1,1.3
506,5716,-7.3,23.8,37.1,1.2
505,5721,-7.3,22.8,37.1,1.0
505,5729,-7.3,21.0,37.1,0.8
504,5736,-7.3,19.5,37.1,0.6
504,5743,-7.3,18.6,37.1,0.5
503,5750,-7.3,18.1,37.1,0.3
503,5757,-7.3,17.9,37.1,0.2
502,5766,-7.3,17.8,37.2,0.1
502,5773,-7.3,17.1,37.2,-0.1
501,5780,-7.3,15.8,37.3,-0.2
501,5787,-7.3,14.7,37.4,-0.3
500,5792,-7.4,14.3,37.5,-0.5
500,5801,-7.4,14.4,37.6,-0.6
500,5810,-7.4,14.8,37.7,-0.7
499,5813,-7.4,14.7,37.8,-0.9
499,5821,-7.4,13.1,37.9,-1.0
498,5829,-7.3,10.6,38.0,-1.1
498,5838,-7.3,8.4,38.1,-1.3
497,5846,-7.3,7.2,38.3,-1.3
497,5852,-7.3,7.2,38.4,-1.5
496,5859,-7.3,7.7,38.5,-1.6
496,5867,-7.4,7.8,38.7,-1.8
495,5874,-7.4,7.5,38.8,-1.8
495,5880,-7.4,6.8,38.9,-2.0
494,5887,-7.5,6.3,39.0,-2.1
494,5896,-7.5,6.2,39.1,-2.3
494,5901,-7.5,6.3,39.2,-2.3
493,5908,-7.5,6.4,39.3,-2.5
493,5914,-7.6,6.7,39.5,-2.6
492,5921,-7.6,6.9,39.6,-2.7
492,5928,-7.7,7.0,39.7,-2.8
492,5933,-7.7,7.0,39.8,-3.0
491,5938,-7.8,7.0,39.9,-3.1
491,5945,-7.8,7.2,40.0,-3.2
490,5952,-7.9,7.6,40.1,-3.3
490,5958,-7.9,8.2,40.2,-3.4
490,5965,-7.9,9.0,40.1,-3.5
489,5970,-7.9,10.1,40.2,-3.7
489,5976,-8.0,10.8,40.3,-3.7
488,5984,-8.0,11.3,40.3,-3.9
488,5990,-8.1,11.9,40.4,-4.0
488,5998,-8.1,12.5,40.4,-4.1
487,6004,-8.2,13.0,40.5,-4.3
487,6009,-8.2,13.5,40.5,-4.3
486,6015,-8.3,13.9,40.6,-4.5
486,6023,-8.3,14.1,40.5,-4.5
485,6034,-8.4,14.2,40.5,-4.7
485,6039,-8.4,14.4,40.5,-4.8
484,6044,-8.5,14.2,40.5,-4.8
484,6053,-8.6,13.8,40.5,-5.0
484,6060,-8.6,13.6,40.5,-5.0
483,6067,-8.6,13.5,40.5,-5.1
483,6074,-8.7,13.6,40.5,-5.2
482,6082,-8.8,13.8,40.6,-5.3
482,6090,-8.8,13.5,40.6,-5.3
481,6099,-8.9,12.5,40.4,-5.4
481,6107,-8.9,11.3,40.4,-5.4
480,6111,-9.0,10.4,40.4,-5.5
480,6118,-9.0,9.8,40.4,-5.5
480,6125,-9.1,9.4,40.4,-5.5
479,6131,-9.1,8.9,40.4,-5.5
479,6138,-9.2,8.3,40.4,-5.5
478,6145,-9.2,7.9,40.4,-5.5
478,6151,-9.2,7.7,40.4,-5.5
478,6157,-9.3,7.7,40.4,-5.5
477,6162,-9.3,7.6,40.4,-5.5
477,6168,-9.4,7.6,40.4,-5.5
476,6175,-9.4,7.9,40.4,-5.4
476,6184,-9.5,8.4,40.4,-5.4
476,6190,-9.5,8.6,40.5,-5.3
475,6198,-9.6,8.7,40.5,-5.3
475,6205,-9.6,8.7,40.5,-5.3
474,6210,-9.7,8.6,40.4,-5.2
474,6215,-9.7,8.4,40.4,-5.2
474,6223,-9.8,8.2,40.4,-5.2
473,6229,-9.8,8.0,40.4,-5.2
473,6235,-9.9,7.9,40.4,-5.2
472,6242,-9.9,8.1,40.3,-5.2
472,6248,-10.0,8.2,40.3,-5.2
472,6254,-10.1,8.4,40.3,-5.2
471,6259,-10.1,8.5,40.3,-5.2
471,6265,-10.2,8.7,40.2,-5.2
471,6270,-10.2,8.8,40.2,-5.3
470,6276,-10.3,9.0,40.1,-5.4
470,6286,-10.3,9.4,40.1,-5.4
469,6292,-10.4,9.8,40.1,-5.4
469,6297,-10.5,10.1,40.1,-5.5
469,6304,-10.5,10.7,40.1,-5.6
468,6311,-10.6,11.6,40.1,-5.6
468,6319,-10.6,12.3,40.1,-5.7
467,6326,-10.7,12.6,40.1,-5.8
467,6332,-10.7,12.6,40.1,-5.8
467,6337,-10.8,12.8,40.2,-5.9
466,6341,-10.8,12.9,40.2,-5.9
466,6346,-10.9,13.1,40.2,-5.9
465,6352,-10.9,13.3,40.3,-5.9
465,6361,-11.0,13.7,40.4,-6.0
465,6369,-11.0,14.0,40.4,-6.0
464,6373,-11.1,14.2,40.5,-6.0
464,6378,-11.1,14.5,40.6,-6.0
464,6385,-11.1,14.7,40.7,-5.9
463,6393,-11.2,14.9,40.7,-5.9
463,6401,-11.2,15.0,40.8,-5.9
462,6407,-11.2,14.8,40.9,-5.8
462,6412,-11.2,14.5,41.0,-5.7
462,6418,-11.2,14.3,41.0,-5.6
461,6425,-11.3,14.2,41.1,-5.6
461,6432,-11.3,14.1,41.1,-5.4
461,6438,-11.3,13.7,41.3,-5.4
460,6443,-11.3,13.1,41.3,-5.2
460,6449,-11.3,12.2,41.3,-5.1
460,6454,-11.2,11.6,41.3,-5.0
459,6460,-11.2,11.2,41.3,-4.9
459,6464,-11.2,11.2,41.3,-4.7
458,6469,-11.2,11.5,41.3,-4.6
458,6474,-11.2,11.8,41.3,-4.5
458,6482,-11.3,12.1,41.2,-4.3
457,6491,-11.3,12.2,41.2,-4.3
457,6496,-11.3,12.1,41.1,-4.1
457,6502,-11.4,11.9,41.0,-4.0
456,6510,-11.4,11.7,40.8,-3.9
456,6514,-11.4,11.6,40.7,-3.8
456,6518,-11.4,11.4,40.6,-3.7
455,6524,-11.4,11.2,40.4,-3.6
455,6533,-11.4,11.0,40.3,-3.5
454,6541,-11.4,10.8,40.2,-3.4
454,6547,-11.4,10.8,40.0,-3.3
454,6553,-11.4,10.7,39.9,-3.2
453,6560,-11.4,10.8,39.7,-3.1
453,6566,-11.4,10.9,39.6,-3.0
452,6572,-11.4,11.1,39.4,-2.8
452,6579,-11.5,11.3,39.3,-2.7
452,6586,-11.5,11.5,39.1,-2.6
451,6592,-11.4,11.6,39.0,-2.5
451,6600,-11.4,11.6,38.9,-2.3
450,6608,-11.4,11.5,38.7,-2.2
450,6614,-11.3,11.4,38.6,-2.0
450,6619,-11.4,11.5,38.6,-1.8
449,6625,-11.4,11.6,38.6,-1.7
449,6632,-11.4,11.7,38.5,-1.5
448,6640,-11.4,11.9,38.4,-1.3
448,6648,-11.4,12.0,38.4,-1.2
448,6653,-11.4,12.0,38.3,-1.0
447,6659,-11.4,11.9,38.3,-0.9
447,6667,-11.5,11.8,38.2,-0.7
447,6673,-11.5,11.8,38.2,-0.6
446,6679,-11.5,11.9,38.1,-0.5
446,6685,-11.5,12.0,38.1,-0.3
445,6692,-11.6,12.0,38.1,-0.2
445,6697,-11.6,12.0,38.1,-0.1
445,6703,-11.6,12.0,38.0,0.0
444,6710,-11.7,12.0,38.0,0.1
444,6716,-11.8,12.0,38.0,0.2
444,6722,-11.8,12.0,38.0,0.3
443,6728,-11.8,12.0,37.9,0.3
443,6735,-11.9,12.1,37.9,0.3
443,6741,-11.9,12.1,37.9,0.3
442,6746,-12.0,12.2,37.8,0.3
442,6752,-12.0,12.3,37.8,0.3
442,6760,-12.0,12.4,37.7,0.3
441,6765,-12.1,12.4,37.7,0.3
441,6771,-12.1,12.5,37.7,0.3
440,6777,-12.2,12.4,37.6,0.2
440,6785,-12.2,12.4,37.6,0.1
440,6794,-12.3,12.3,37.6,0.1
439,6800,-12.3,12.2,37.6,0.1
439,6807,-12.2,12.0,37.5,-0.1
438,6815,-12.1,11.9,37.5,-0.1
438,6823,-12.1,12.0,37.5,-0.2
438,6829,-12.0,12.0,37.5,-0.3
437,6833,-12.0,12.1,37.5,-0.4
437,6842,-12.0,12.1,37.5,-0.5
436,6851,-12.0,12.1,37.6,-0.6
436,6858,-12.0,12.0,37.6,-0.7
436,6864,-12.0,11.8,37.6,-0.8
435,6872,-12.0,11.8,37.7,-0.9
435,6879,-12.1,11.7,37.7,-1.1
434,6884,-12.1,11.7,37.7,-1.1
434,6890,-12.2,11.7,37.8,-1.3
434,6899,-12.3,11.7,37.9,-1.3
433,6904,-12.3,11.7,37.9,-1.5
433,6910,-12.4,11.6,38.0,-1.5
432,6919,-12.4,11.4,38.1,-1.6
432,6927,-12.4,11.2,38.1,-1.7
432,6933,-12.5,10.9,38.2,-1.7
431,6939,-12.5,10.7,38.3,-1.8
431,6946,-12.5,10.6,38.4,-1.9
431,6952,-12.6,10.6,38.4,-1.9
430,6958,-12.6,10.6,38.4,-2.0
430,6965,-12.7,10.5,38.5,-2.1
429,6972,-12.8,10.4,38.5,-2.1
429,6978,-12.8,10.2,38.6,-2.2
429,6985,-12.8,10.0,38.7,-2.2
428,6992,-12.8,9.8,38.7,-2.2
428,6998,-12.8,9.6,38.8,-2.2
428,7004,-12.8,9.5,38.9,-2.2
427,7012,-12.8,9.4,38.9,-2.3
427,7019,-12.9,9.5,39.0,-2.3
426,7026,-12.9,9.5,39.0,-2.3
426,7032,-12.9,9.6,39.1,-2.4
426,7037,-13.0,9.6,39.2,-2.5
425,7044,-13.0,9.7,39.2,-2.5
425,7052,-13.1,9.8,39.3,-2.5
425,7060,-13.1,10.0,39.3,-2.6
424,7064,-13.2,10.0,39.4,-2.7
424,7070,-13.2,10.0,39.5,-2.8
424,7078,-13.3,10.1,39.5,-2.9
423,7083,-13.3,10.2,39.6,-3.0
423,7087,-13.3,10.3,39.7,-3.1
423,7092,-13.4,10.4,39.7,-3.3
422,7098,-13.4,10.4,39.8,-3.4
422,7105,-13.4,10.5,39.8,-3.6
422,7111,-13.5,10.5,39.9,-3.8
421,7119,-13.5,10.6,39.9,-3.9
421,7126,-13.6,10.6,40.0,-4.1
420,7135,-13.6,10.6,40.1,-4.3
420,7142,-13.6,10.6,40.1,-4.5
420,7148,-13.6,10.5,40.2,-4.7
419,7155,-13.6,10.5,40.3,-4.8
419,7160,-13.7,10.5,40.4,-5.0
419,7165,-13.7,10.5,40.5,-5.2
418,7173,-13.7,10.4,40.6,-5.3
418,7182,-13.7,10.4,40.6,-5.5
417,7191,-13.7,10.3,40.7,-5.6
417,7199,-13.7,10.2,40.8,-5.7
417,7204,-13.7,10.3,40.9,-5.8
416,7211,-13.7,10.4,40.9,-5.9
416,7218,-13.7,10.8,41.0,-6.0
415,7223,-13.8,11.0,41.1,-6.1
415,7231,-13.8,11.0,41.2,-6.1
415,7239,-13.9,11.0,41.3,-6.1
414,7249,-14.0,10.8,41.4,-6.1
414,7255,-14.0,10.7,41.5,-6.1
413,7262,-14.0,10.6,41.5,-6.1
413,7268,-14.1,10.6,41.6,-6.1
413,7276,-14.2,10.7,41.7,-6.1
412,7281,-14.2,10.7,41.8,-6.0
412,7286,-14.3,10.7,41.8,-5.9
412,7295,-14.4,10.7,41.9,-5.9
411,7304,-14.4,10.8,42.0,-5.8
411,7313,-14.5,10.9,42.0,-5.8
410,7320,-14.6,11.0,42.1,-5.8
410,7324,-14.6,11.0,42.1,-5.7
410,7329,-14.7,11.0,42.2,-5.7
409,7336,-14.7,11.0,42.2,-5.6
409,7344,-14.8,11.1,42.3,-5.6
409,7349,-14.8,11.2,42.3,-5.6
408,7354,-14.9,11.1,42.4,-5.6
408,7360,-14.9,11.0,42.4,-5.6
408,7367,-15.0,10.9,42.5,-5.6
407,7373,-15.0,10.6,42.5,-5.6
407,7381,-15.1,10.3,42.5,-5.6
407,7388,-15.1,9.9,42.6,-5.6
406,7394,-15.2,9.6,42.6,-5.6
406,7399,-15.2,9.3,42.6,-5.7
405,7407,-15.3,9.1,42.7,-5.7
405,7416,-15.4,9.0,42.7,-5.7
405,7424,-15.4,8.9,42.7,-5.7
404,7428,-15.5,8.9,42.7,-5.8
404,7435,-15.6,8.7,42.7,-5.8
404,7445,-15.6,8.5,42.8,-5.8
403,7453,-15.7,8.4,42.8,-5.8
403,7457,-15.7,8.3,42.8,-5.8
402,7464,-15.8,8.2,42.8,-5.8
402,7472,-15.9,8.1,42.8,-5.8
402,7479,-15.9,8.0,42.8,-5.8
401,7484,-16.0,7.9,42.8,-5.8
401,7490,-16.0,7.9,42.8,-5.7
401,7498,-16.1,8.0,42.8,-5.7
400,7507,-16.2,8.0,42.8,-5.6
400,7513,-16.3,8.0,42.8,-5.6
399,7519,-16.3,8.0,42.8,-5.5
399,7526,-16.4,8.0,42.8,-5.5
399,7535,-16.4,8.1,42.8,-5.4
398,7542,-16.5,8.2,42.8,-5.3
398,7547,-16.5,8.2,42.8,-5.2
398,7553,-16.5,8.3,42.8,-5.1
397,7560,-16.6,8.5,42.8,-5.0
397,7567,-16.6,8.6,42.7,-4.9
397,7571,-16.6,8.6,42.7,-4.9
396,7577,-16.6,8.8,42.7,-4.8
396,7585,-16.6,9.1,42.7,-4.7
396,7595,-16.7,9.6,42.7,-4.6
395,7600,-16.7,10.0,42.8,-4.6
395,7605,-16.7,10.2,42.8,-4.6
395,7611,-16.8,10.4,42.8,-4.5
394,7615,-16.8,10.5,42.8,-4.5
394,7620,-16.9,10.6,42.8,-4.4
394,7625,-16.9,10.6,42.8,-4.4
393,7633,-17.0,10.7,42.8,-4.4
393,7642,-17.0,10.8,42.8,-4.4
393,7648,-17.1,10.8,42.9,-4.4
392,7654,-17.1,10.8,42.9,-4.4
392,7662,-17.2,10.9,42.9,-4.4
392,7668,-17.2,11.0,42.9,-4.4
391,7676,-17.3,11.0,43.0,-4.4
391,7683,-17.3,11.1,43.0,-4.4
391,7690,-17.4,11.1,43.0,-4.4
390,7697,-17.4,10.9,43.1,-4.5
390,7705,-17.4,10.9,43.1,-4.5
389,7711,-17.5,10.8,43.1,-4.5
389,7719,-17.6,10.7,43.1,-4.5
389,7728,-17.6,10.6,43.1,-4.5
388,7735,-17.7,10.6,43.1,-4.5
388,7740,-17.7,10.6,43.1,-4.5
388,7748,-17.8,10.6,43.1,-4.5
387,7755,-17.8,10.6,43.1,-4.4
387,7760,-17.9,10.6,43.1,-4.4
386,7767,-17.9,10.7,43.1,-4.3
386,7776,-18.0,10.7,43.1,-4.3
386,7784,-18.1,10.8,43.1,-4.2
385,7791,-18.1,10.8,43.1,-4.2
385,7800,-18.1,10.7,43.0,-4.1
384,7808,-18.2,10.7,43.0,-4.0
384,7815,-18.2,10.7,43.0,-3.9
384,7825,-18.3,10.8,43.0,-3.8
383,7834,-18.4,10.8,43.0,-3.8
383,7840,-18.4,10.9,43.0,-3.7
382,7847,-18.5,10.9,42.9,-3.7
382,7852,-18.5,11.0,42.9,-3.6
382,7859,-18.6,11.1,43.0,-3.5
381,7866,-18.6,11.2,43.0,-3.5
381,7871,-18.7,11.4,43.0,-3.5
381,7877,-18.7,11.5,42.9,-3.4
380,7885,-18.8,11.6,42.9,-3.4
380,7893,-18.9,11.7,42.9,-3.4
380,7899,-18.9,11.7,42.9,-3.4
379,7904,-19.0,11.8,42.9,-3.4
379,7912,-19.0,11.9,42.9,-3.4
379,7921,-19.1,12.0,42.9,-3.4
378,7930,-19.2,12.1,42.9,-3.4
378,7935,-19.3,12.1,42.8,-3.4
378,7939,-19.3,12.1,42.8,-3.4
377,7945,-19.3,12.1,42.8,-3.4
377,7951,-19.4,12.3,42.8,-3.4
377,7957,-19.4,12.4,42.8,-3.4
376,7964,-19.5,12.6,42.8,-3.4
376,7971,-19.6,12.7,42.8,-3.4
376,7980,-19.7,12.9,42.8,-3.4
375,7987,-19.7,13.0,42.7,-3.4
375,7995,-19.8,13.1,42.7,-3.3
375,8001,-19.8,13.3,42.7,-3.3
374,8007,-19.9,13.7,42.7,-3.3
374,8015,-20.0,14.1,42.7,-3.2
373,8022,-20.0,14.4,42.6,-3.2
373,8030,-20.1,14.6,42.6,-3.2
373,8038,-20.2,14.7,42.6,-3.1
372,8046,-20.3,14.9,42.5,-3.1
372,8056,-20.3,15.0,42.5,-3.1
372,8064,-20.4,14.9,42.4,-3.0
371,8070,-20.4,14.9,42.4,-3.0
371,8075,-20.5,14.8,42.3,-3.0
371,8080,-20.5,14.8,42.2,-3.0
370,8088,-20.6,14.9,42.2,-3.0
370,8094,-20.7,15.0,42.1,-2.9
370,8100,-20.7,15.1,42.0,-2.9
369,8107,-20.8,15.1,41.9,-2.9
369,8114,-20.9,15.2,41.8,-2.8
368,8121,-20.9,15.3,41.8,-2.8
368,8128,-21.0,15.5,41.7,-2.9
368,8137,-21.1,15.6,41.6,-2.9
367,8145,-21.2,15.7,41.5,-2.9
367,8154,-21.3,15.8,41.5,-2.9
367,8159,-21.3,15.8,41.4,-3.0
366,8164,-21.4,15.8,41.3,-3.0
366,8170,-21.4,16.0,41.2,-3.0
366,8178,-21.5,16.3,41.2,-3.0
365,8185,-21.5,16.9,41.1,-3.1
365,8192,-21.6,17.4,41.1,-3.1
365,8202,-21.7,17.9,41.0,-3.2
364,8210,-21.8,18.1,41.0,-3.2
364,8215,-21.8,18.2,41.0,-3.2
364,8220,-21.9,18.1,41.0,-3.3
363,8227,-21.9,18.0,40.9,-3.4
363,8235,-22.0,18.0,40.9,-3.4
363,8242,-22.0,18.1,40.9,-3.4
362,8248,-22.1,18.2,40.9,-3.4
362,8256,-22.2,18.4,40.9,-3.5
362,8262,-22.2,18.6,40.9,-3.5
361,8269,-22.3,18.6,40.9,-3.5
361,8276,-22.3,18.6,41.0,-3.6
361,8282,-22.4,18.6,41.0,-3.6
360,8290,-22.4,18.6,41.1,-3.6
360,8296,-22.5,18.5,41.1,-3.6
360,8302,-22.5,18.3,41.2,-3.6
359,8309,-22.6,18.0,41.3,-3.6
359,8317,-22.6,17.7,41.3,-3.5
359,8324,-22.6,17.6,41.4,-3.6
358,8330,-22.6,17.4,41.6,-3.5
358,8337,-22.7,17.2,41.7,-3.5
358,8342,-22.7,17.1,41.8,-3.4
357,8347,-22.8,17.0,41.9,-3.4
357,8355,-22.8,16.9,41.9,-3.4
357,8362,-22.8,16.7,42.0,-3.3
356,8368,-22.9,16.7,42.1,-3.2
356,8375,-23.0,16.8,42.2,-3.2
356,8383,-23.0,16.9,42.3,-3.1
355,8393,-23.1,17.1,42.3,-3.0
355,8402,-23.2,17.1,42.4,-3.0
355,8408,-23.2,17.1,42.4,-3.0
354,8414,-23.3,17.0,42.5,-2.9
354,8419,-23.3,17.0,42.5,-2.8
354,8426,-23.4,17.1,42.6,-2.8
353,8432,-23.5,17.3,42.6,-2.7
353,8439,-23.5,17.4,42.6,-2.6
352,8447,-23.6,17.6,42.6,-2.5
352,8456,-23.7,17.9,42.6,-2.5
352,8465,-23.7,18.1,42.6,-2.4
351,8474,-23.8,18.2,42.6,-2.3
351,8480,-23.9,18.0,42.5,-2.3
351,8487,-23.9,17.5,42.5,-2.2
350,8495,-23.9,17.0,42.4,-2.2
350,8502,-23.9,16.5,42.4,-2.1
350,8507,-24.0,16.1,42.3,-2.1
349,8514,-24.0,16.0,42.4,-2.0
349,8520,-24.1,15.9,42.3,-2.0
349,8530,-24.1,15.8,42.3,-1.9
348,8539,-24.2,15.8,42.2,-1.9
348,8546,-24.2,15.8,42.2,-1.9
347,8553,-24.3,15.8,42.1,-1.8
347,8560,-24.3,15.8,42.1,-1.8
347,8569,-24.4,15.8,42.0,-1.8
346,8577,-24.5,15.9,42.0,-1.8
346,8587,-24.5,16.0,42.0,-1.8
345,8597,-24.6,16.2,41.9,-1.8
345,8607,-24.7,16.2,41.9,-1.8
345,8614,-24.8,16.2,41.9,-1.8
344,8620,-24.8,16.1,41.9,-1.8
344,8627,-24.9,16.1,41.9,-1.8
344,8633,-25.0,16.2,41.9,-1.8
343,8638,-25.0,16.5,41.9,-1.8
343,8643,-25.1,16.6,41.9,-1.8
343,8650,-25.2,16.7,41.9,-1.7
342,8657,-25.2,16.7,42.0,-1.7
342,8664,-25.3,16.7,42.0,-1.6
342,8670,-25.4,16.7,42.0,-1.6
342,8678,-25.4,16.8,42.1,-1.5
341,8686,-25.5,16.9,42.1,-1.5
341,8693,-25.6,17.0,42.2,-1.5
340,8701,-25.6,16.9,42.2,-1.4
340,8706,-25.7,16.8,42.3,-1.3
340,8713,-25.7,16.6,42.3,-1.3
339,8723,-25.8,16.4,42.4,-1.1
339,8732,-25.8,16.3,42.4,-1.0
339,8739,-25.9,16.1,42.5,-1.0
338,8746,-25.9,15.9,42.5,-0.9
338,8754,-26.0,15.7,42.6,-0.8
338,8765,-26.0,15.7,42.6,-0.7
337,8771,-26.1,15.7,42.7,-0.6
337,8776,-26.1,15.6,42.7,-0.5
337,8784,-26.2,15.5,42.8,-0.4
336,8792,-26.2,15.4,42.8,-0.4
336,8800,-26.3,15.2,42.9,-0.3
336,8806,-26.3,15.0,43.0,-0.2
335,8813,-26.3,14.8,43.0,-0.2
335,8821,-26.3,14.7,43.1,-0.1
334,8828,-26.4,14.7,43.2,0.0
334,8836,-26.5,14.6,43.2,0.1
334,8845,-26.5,14.4,43.3,0.1
333,8853,-26.6,14.3,43.4,0.2
333,8859,-26.6,14.2,43.4,0.2
333,8866,-26.6,14.2,43.5,0.2
332,8876,-26.7,14.2,43.6,0.2
332,8883,-26.7,14.3,43.6,0.2
332,8889,-26.7,14.4,43.7,0.3
331,8895,-26.8,14.3,43.8,0.3
331,8903,-26.8,14.2,43.8,0.3
331,8913,-26.9,14.0,43.9,0.3
330,8921,-26.9,13.5,43.9,0.3
330,8931,-26.9,12.9,44.0,0.3
330,8937,-26.9,12.1,44.0,0.2
329,8943,-26.8,11.6,44.0,0.2
329,8952,-26.8,11.3,44.1,0.2
329,8959,-26.8,11.3,44.1,0.2
328,8966,-26.8,11.3,44.1,0.1
328,8971,-26.8,11.2,44.1,0.0
328,8977,-26.8,10.8,44.1,-0.1
327,8982,-26.8,10.2,44.1,-0.2
327,8991,-26.8,9.4,44.1,-0.3
327,9000,-26.8,8.8,44.1,-0.4
326,9009,-26.8,8.2,44.0,-0.5
326,9020,-26.8,8.0,44.0,-0.6
325,9028,-26.9,8.2,44.0,-0.7
325,9038,-26.9,8.5,44.0,-0.8
325,9047,-27.0,8.8,44.0,-0.9
324,9053,-27.0,9.0,44.0,-1.1
324,9060,-27.1,9.3,44.0,-1.2
324,9067,-27.2,9.5,43.9,-1.2
323,9073,-27.2,9.7,43.9,-1.4
323,9076,-27.3,9.7,43.9,-1.5
323,9082,-27.3,9.8,43.9,-1.5
323,9089,-27.4,9.8,43.9,-1.6
322,9096,-27.4,9.7,43.9,-1.6
322,9105,-27.5,9.8,43.9,-1.7
321,9112,-27.6,9.9,43.9,-1.7
321,9122,-27.7,10.2,43.9,-1.6
321,9132,-27.8,10.5,43.9,-1.6
320,9145,-27.9,10.7,43.9,-1.6
320,9156,-28.0,10.8,43.9,-1.5
319,9167,-28.0,10.8,43.9,-1.5
319,9173,-28.1,10.7,43.9,-1.4
319,9179,-28.1,10.6,43.9,-1.3
318,9184,-28.2,10.5,43.9,-1.1
318,9190,-28.3,10.6,43.8,-1.0
318,9197,-28.4,10.8,43.8,-0.8
317,9204,-28.4,10.9,43.8,-0.8
317,9212,-28.5,11.0,43.8,-0.6
317,9219,-28.6,11.1,43.8,-0.5
317,9226,-28.6,11.1,43.8,-0.3
316,9233,-28.7,11.1,43.8,-0.2
316,9240,-28.8,11.2,43.8,0.0
316,9246,-28.8,11.2,43.8,0.1
315,9253,-28.9,11.2,43.9,0.2
315,9260,-29.0,11.3,43.9,0.3
315,9269,-29.1,11.3,43.9,0.4
314,9278,-29.1,11.2,43.9,0.5
314,9286,-29.2,11.1,44.0,0.5
314,9294,-29.3,11.0,44.0,0.6
313,9301,-29.3,11.0,44.1,0.7
313,9307,-29.4,11.1,44.1,0.7
313,9312,-29.4,11.3,44.2,0.7
312,9319,-29.5,11.5,44.3,0.7
312,9327,-29.6,11.6,44.4,0.7
312,9335,-29.6,11.8,44.4,0.6
311,9344,-29.7,12.0,44.5,0.6
311,9351,-29.8,12.1,44.6,0.5
311,9356,-29.8,12.2,44.7,0.5
310,9364,-29.9,12.3,44.8,0.5
310,9373,-30.0,12.5,44.8,0.4
310,9381,-30.1,12.7,44.9,0.3
309,9389,-30.1,12.9,45.0,0.2
309,9397,-30.2,12.9,45.0,0.2
309,9405,-30.2,12.8,45.1,0.2
308,9412,-30.2,12.7,45.1,0.2
308,9418,-30.3,12.6,45.2,0.1
308,9424,-30.3,12.7,45.2,0.1
308,9431,-30.3,12.7,45.3,0.0
307,9437,-30.4,12.8,45.3,0.0
307,9445,-30.5,12.9,45.4,0.0
307,9452,-30.5,13.1,45.4,0.0
306,9464,-30.6,13.2,45.5,0.0
306,9474,-30.7,13.2,45.5,0.0
305,9480,-30.7,13.0,45.5,0.0
305,9489,-30.7,12.5,45.6,0.0
305,9495,-30.7,11.6,45.6,0.0
304,9502,-30.6,10.6,45.6,0.0
304,9512,-30.6,9.7,45.6,0.1
304,9521,-30.5,9.2,45.7,0.1
303,9528,-30.5,9.1,45.7,0.1
303,9535,-30.6,9.2,45.7,0.2
303,9544,-30.6,9.2,45.7,0.2
302,9553,-30.6,9.0,45.7,0.2
302,9560,-30.6,8.7,45.6,0.2
302,9569,-30.6,8.4,45.6,0.2
301,9580,-30.6,8.1,45.6,0.2
301,9590,-30.6,7.8,45.5,0.2
300,9597,-30.6,7.5,45.5,0.2
300,9605,-30.7,7.1,45.4,0.2
300,9616,-30.7,6.7,45.3,0.2
299,9627,-30.7,6.5,45.2,0.2
299,9636,-30.7,6.5,45.1,0.2
299,9643,-30.7,6.6,45.0,0.2
298,9651,-30.7,6.7,44.9,0.2
298,9660,-30.8,6.8,44.7,0.2
297,9669,-30.8,6.9,44.6,0.2
297,9680,-30.9,7.1,44.5,0.2
297,9689,-31.0,7.4,44.3,0.2
296,9702,-31.1,7.4,44.2,0.2
296,9713,-31.1,7.2,44.1,0.2
295,9719,-31.1,6.9,44.0,0.3
295,9727,-31.2,6.7,43.8,0.4
295,9736,-31.2,6.7,43.7,0.5
294,9745,-31.3,6.8,43.6,0.5
294,9753,-31.3,6.9,43.5,0.6
294,9763,-31.3,6.9,43.4,0.7
293,9770,-31.4,6.7,43.3,0.8
293,9774,-31.4,6.6,43.3,0.8
293,9778,-31.4,6.4,43.2,1.0
292,9786,-31.5,6.2,43.2,1.1
292,9794,-31.5,6.2,43.2,1.2
292,9802,-31.6,6.1,43.1,1.4
292,9810,-31.6,6.2,43.1,1.5
291,9817,-31.7,6.2,43.2,1.6
291,9826,-31.7,6.2,43.2,1.7
291,9834,-31.8,6.2,43.2,1.9
290,9841,-31.8,6.2,43.2,2.0
290,9847,-31.9,6.1,43.1,2.2
290,9854,-31.9,6.1,43.2,2.3
289,9860,-32.0,6.1,43.2,2.4
289,9870,-32.1,6.2,43.2,2.6
289,9878,-32.2,6.3,43.3,2.6
289,9885,-32.2,6.3,43.3,2.8
288,9892,-32.3,6.2,43.3,3.0
288,9900,-32.4,6.2,43.3,3.0
288,9909,-32.4,6.1,43.4,3.2
287,9916,-32.5,6.2,43.4,3.3
287,9922,-32.6,6.2,43.4,3.4
287,9929,-32.6,6.2,43.4,3.5
286,9936,-32.7,6.2,43.3,3.6
286,9943,-32.7,6.3,43.3,3.7
286,9950,-32.8,6.3,43.3,3.8
286,9958,-32.9,6.4,43.3,3.9
285,9965,-33.0,6.5,43.3,4.0
285,9973,-33.0,6.5,43.3,4.1
285,9981,-33.1,6.5,43.3,4.1
284,9986,-33.2,6.5,43.3,4.2
284,9994,-33.2,6.5,43.3,4.2
284,10004,-33.3,6.6,43.3,4.2
283,10013,-33.4,6.6,43.3,4.2
283,10024,-33.5,6.6,43.3,4.2
283,10032,-33.5,6.6,43.3,4.2
282,10039,-33.6,6.5,43.3,4.1
282,10045,-33.6,6.5,43.4,4.0
282,10050,-33.7,6.4,43.4,4.0
282,10055,-33.7,6.4,43.4,3.9
281,10059,-33.8,6.4,43.4,3.7
281,10068,-33.8,6.5,43.6,3.6
281,10078,-33.9,6.5,43.6,3.5
280,10085,-34.0,6.6,43.6,3.4
280,10092,-34.1,6.6,43.6,3.2
280,10100,-34.1,6.6,43.6,3.0
280,10109,-34.2,6.6,43.6,2.9
279,10114,-34.2,6.7,43.6,2.7
279,10119,-34.3,6.8,43.6,2.7
279,10123,-34.3,6.8,43.5,2.5
279,10127,-34.4,6.8,43.5,2.4
278,10133,-34.4,6.7,43.4,2.4
278,10139,-34.5,6.7,43.4,2.3
278,10143,-34.5,6.7,43.3,2.3
278,10148,-34.6,6.8,43.3,2.2
278,10156,-34.6,6.8,43.2,2.2
277,10164,-34.7,6.8,43.1,2.3
277,10172,-34.8,6.9,43.0,2.3
277,10179,-34.9,6.9,43.0,2.3
276,10185,-34.9,6.9,42.9,2.5
276,10190,-35.0,7.0,42.8,2.5
276,10196,-35.0,7.0,42.8,2.7
276,10204,-35.1,7.0,42.7,2.8
275,10212,-35.2,7.1,42.7,3.0
275,10218,-35.2,7.1,42.6,3.1
275,10227,-35.3,7.1,42.6,3.3
275,10235,-35.4,7.2,42.6,3.4
274,10241,-35.4,7.2,42.6,3.6
274,10248,-35.5,7.2,42.6,3.7
274,10254,-35.5,7.2,42.6,3.9
273,10259,-35.6,7.2,42.7,4.0
273,10267,-35.7,7.1,42.8,4.2
273,10276,-35.7,6.7,42.9,4.4
273,10284,-35.7,5.9,43.0,4.4
272,10291,-35.7,4.8,43.1,4.6
272,10299,-35.6,3.9,43.1,4.7
272,10305,-35.6,3.4,43.3,4.8
271,10311,-35.6,3.5,43.4,4.9
271,10319,-35.6,3.8,43.6,4.9
271,10325,-35.6,4.1,43.7,5.0
271,10329,-35.7,4.3,43.9,5.0
270,10336,-35.7,4.5,44.0,5.0
270,10346,-35.8,4.8,44.1,5.0
270,10357,-35.8,5.2,44.3,5.0
269,10366,-35.9,5.6,44.4,5.0
269,10373,-36.0,5.9,44.5,5.0
269,10381,-36.1,6.0,44.6,5.0
268,10388,-36.1,6.0,44.8,4.9
268,10397,-36.2,6.0,44.9,4.9
268,10404,-36.3,6.0,44.9,4.8
268,10413,-36.4,6.0,45.0,4.8
267,10420,-36.4,6.1,45.2,4.7
267,10429,-36.5,6.3,45.3,4.7
267,10434,-36.5,6.5,45.3,4.6
267,10441,-36.6,6.5,45.4,4.5
266,10445,-36.6,6.5,45.5,4.4
266,10450,-36.6,6.6,45.5,4.3
266,10454,-36.7,6.6,45.5,4.2
266,10460,-36.7,6.7,45.6,4.2
265,10466,-36.8,6.8,45.6,4.1
265,10471,-36.9,6.8,45.6,4.0
265,10479,-36.9,6.8,45.6,3.9
265,10488,-37.0,6.8,45.6,3.8
264,10496,-37.1,6.9,45.6,3.8
264,10502,-37.1,6.9,45.7,3.8
264,10506,-37.2,6.9,45.7,3.7
264,10510,-37.2,6.9,45.7,3.7
264,10514,-37.2,6.9,45.7,3.6
263,10519,-37.3,6.9,45.7,3.6
263,10527,-37.3,6.8,45.7,3.6
263,10539,-37.4,6.8,45.7,3.7
262,10548,-37.5,6.8,45.6,3.7
262,10554,-37.6,6.8,45.6,3.7
262,10561,-37.6,6.7,45.5,3.7
262,10568,-37.7,6.7,45.5,3.8
261,10575,-37.8,6.8,45.4,3.8
261,10584,-37.8,6.8,45.4,3.9
261,10588,-37.9,6.8,45.4,4.0
260,10594,-37.9,6.8,45.4,4.1
260,10603,-38.0,6.8,45.4,4.1
260,10610,-38.0,6.8,45.4,4.2
260,10619,-38.1,6.8,45.4,4.3
259,10627,-38.2,6.7,45.4,4.3
259,10634,-38.2,6.8,45.4,4.4
259,10641,-38.3,7.0,45.4,4.4
259,10649,-38.3,7.4,45.4,4.4
258,10656,-38.4,7.9,45.5,4.5
258,10663,-38.5,8.4,45.5,4.5
258,10669,-38.5,8.6,45.6,4.5
258,10675,-38.6,8.6,45.6,4.5
257,10683,-38.7,8.5,45.7,4.4
257,10689,-38.7,8.5,45.8,4.4
257,10694,-38.8,8.5,45.8,4.3
257,10699,-38.8,8.6,45.9,4.3
256,10704,-38.9,8.6,46.0,4.2
256,10712,-38.9,8.6,46.0,4.1
256,10719,-39.0,8.7,46.1,4.0
256,10725,-39.0,8.9,46.2,4.0
255,10731,-39.1,9.1,46.2,3.9
255,10737,-39.1,9.3,46.4,3.7
255,10745,-39.2,9.3,46.4,3.6
255,10751,-39.2,9.4,46.4,3.6
255,10755,-39.3,9.4,46.4,3.4
254,10759,-39.3,9.4,46.5,3.3
254,10766,-39.4,9.5,46.5,3.3
254,10773,-39.4,9.5,46.5,3.2
254,10782,-39.5,9.6,46.5,3.0
253,10791,-39.6,9.6,46.4,2.9
253,10801,-39.7,9.6,46.4,2.8
253,10808,-39.7,9.6,46.4,2.8
252,10814,-39.8,9.5,46.4,2.6
252,10821,-39.8,9.3,46.3,2.5
252,10827,-39.9,9.0,46.3,2.4
252,10833,-39.9,8.6,46.3,2.3
252,10837,-39.9,8.4,46.2,2.2
251,10842,-39.9,8.3,46.3,2.1
251,10846,-39.9,8.3,46.2,2.0
251,10853,-39.9,8.2,46.2,1.9
251,10859,-40.0,8.0,46.2,1.8
250,10870,-40.0,7.7,46.1,1.7
250,10879,-40.0,7.5,46.1,1.5
250,10889,-40.1,7.2,46.1,1.4
249,10898,-40.1,7.0,46.1,1.3
249,10903,-40.1,6.9,46.0,1.2
249,10907,-40.1,6.7,46.0,1.0
249,10914,-40.1,6.6,46.0,1.0
248,10924,-40.2,6.7,46.0,0.9
248,10936,-40.3,6.8,46.0,0.8
248,10943,-40.3,7.0,45.9,0.6
248,10949,-40.4,7.0,45.9,0.6
247,10954,-40.4,7.0,45.9,0.5
247,10961,-40.4,6.9,45.8,0.4
247,10964,-40.5,6.8,45.8,0.4
247,10968,-40.5,6.7,45.7,0.3
246,10974,-40.5,6.7,45.7,0.3
246,10982,-40.6,6.7,45.6,0.2
246,10988,-40.6,6.8,45.5,0.2
246,10993,-40.7,6.8,45.4,0.2
246,10998,-40.7,6.7,45.3,0.3
245,11006,-40.8,6.7,45.2,0.3
245,11016,-40.9,6.6,45.1,0.4
245,11026,-40.9,6.6,45.0,0.4
244,11033,-40.9,6.6,44.9,0.5
244,11041,-41.0,6.7,44.7,0.5
244,11048,-41.1,6.7,44.6,0.6
244,11058,-41.1,6.8,44.4,0.7
243,11063,-41.2,6.8,44.3,0.8
243,11072,-41.3,6.8,44.2,0.8
243,11080,-41.3,6.9,44.0,0.9
243,11087,-41.4,6.9,43.9,1.0
242,11092,-41.4,6.9,43.8,1.0
242,11098,-41.5,7.0,43.7,1.1
242,11104,-41.5,7.1,43.6,1.1
242,11110,-41.6,7.2,43.5,1.1
241,11115,-41.6,7.4,43.5,1.1
241,11123,-41.7,7.5,43.4,1.1
241,11130,-41.7,7.6,43.4,1.1
241,11136,-41.8,7.6,43.4,1.1
241,11140,-41.8,7.7,43.4,1.1
240,11143,-41.9,7.8,43.4,1.1
240,11146,-41.9,7.8,43.4,1.1
240,11151,-42.0,7.8,43.5,1.0
240,11157,-42.0,7.9,43.6,0.9
240,11165,-42.1,8.0,43.6,0.8
239,11175,-42.2,8.0,43.7,0.8
239,11184,-42.3,8.1,43.9,0.7
239,11193,-42.4,8.1,44.0,0.6
238,11199,-42.4,8.1,44.1,0.5
238,11205,-42.5,8.1,44.2,0.4
238,11215,-42.6,8.1,44.3,0.3
238,11222,-42.6,8.1,44.4,0.2
237,11229,-42.7,8.2,44.5,0.1
237,11236,-42.8,8.3,44.7,0.0
237,11245,-42.8,8.3,44.8,-0.1
237,11251,-42.9,8.3,44.8,-0.2
236,11257,-43.0,8.3,44.9,-0.3
236,11263,-43.0,8.3,45.0,-0.4
236,11270,-43.1,8.3,45.0,-0.5
236,11277,-43.2,8.3,45.1,-0.6
236,11284,-43.2,8.3,45.1,-0.7
235,11289,-43.3,8.4,45.1,-0.8
235,11295,-43.3,8.5,45.1,-0.9
235,11301,-43.4,8.6,45.1,-0.9
235,11307,-43.4,8.7,45.1,-1.0
234,11316,-43.5,8.8,45.1,-1.1
234,11322,-43.6,8.9,45.1,-1.2
234,11332,-43.7,8.9,45.1,-1.3
233,11343,-43.8,8.9,45.1,-1.3
233,11350,-43.8,9.0,45.1,-1.3
233,11359,-43.9,9.0,45.1,-1.4
233,11368,-44.0,9.0,45.1,-1.4
232,11375,-44.0,8.9,45.1,-1.4
232,11380,-44.1,8.9,45.1,-1.5
232,11385,-44.1,8.9,45.1,-1.5
232,11390,-44.2,9.0,45.1,-1.4
232,11397,-44.2,9.1,45.2,-1.4
231,11404,-44.3,9.2,45.2,-1.4
231,11411,-44.4,9.3,45.3,-1.4
231,11416,-44.4,9.4,45.4,-1.3
231,11423,-44.5,9.5,45.4,-1.3
230,11434,-44.6,9.6,45.5,-1.3
230,11444,-44.7,9.7,45.6,-1.2
230,11450,-44.7,9.8,45.7,-1.2
230,11458,-44.7,9.8,45.8,-1.1
229,11463,-44.8,9.8,45.9,-1.0
229,11469,-44.8,9.7,46.0,-1.0
229,11473,-44.8,9.5,46.1,-1.0
229,11477,-44.8,9.3,46.1,-1.0
229,11481,-44.8,9.1,46.2,-0.9
228,11486,-44.8,9.0,46.3,-0.9
228,11493,-44.9,8.9,46.3,-0.9
228,11499,-44.9,8.9,46.3,-0.9
228,11507,-45.0,8.9,46.4,-0.9
227,11518,-45.1,9.0,46.4,-0.9
227,11530,-45.1,9.0,46.4,-0.9
227,11543,-45.2,9.1,46.3,-0.9
226,11550,-45.2,9.1,46.3,-0.9
226,11556,-45.3,9.1,46.3,-0.9
226,11565,-45.4,9.0,46.2,-1.0
226,11575,-45.4,9.0,46.2,-1.0
225,11585,-45.5,8.9,46.1,-1.0
225,11592,-45.6,8.9,46.0,-1.0
225,11598,-45.6,8.9,45.9,-1.0
224,11606,-45.7,8.9,45.8,-1.0
224,11612,-45.7,8.9,45.7,-1.0
224,11619,-45.8,8.9,45.6,-1.0
224,11625,-45.8,9.0,45.6,-1.0
224,11627,-45.9,9.1,45.5,-1.0
223,11633,-45.9,9.2,45.4,-0.9
223,11644,-46.0,9.3,45.3,-0.9
223,11653,-46.0,9.3,45.2,-0.8
223,11659,-46.1,9.3,45.1,-0.7
222,11666,-46.1,9.3,45.1,-0.6
222,11671,-46.2,9.2,45.0,-0.5
222,11677,-46.2,9.2,45.0,-0.4
222,11682,-46.3,9.1,44.9,-0.2
222,11688,-46.3,9.1,44.9,-0.1
221,11692,-46.4,9.0,44.9,0.1
221,11698,-46.4,9.0,44.9,0.2
221,11706,-46.5,8.9,44.9,0.4
221,11717,-46.5,8.8,44.9,0.5
220,11726,-46.6,8.7,44.9,0.7
220,11733,-46.6,8.6,44.9,0.9
220,11742,-46.7,8.5,44.9,1.0
220,11753,-46.7,8.4,44.9,1.2
219,11762,-46.8,8.3,44.9,1.4
219,11766,-46.8,8.3,44.9,1.6
219,11771,-46.8,8.3,44.9,1.7
219,11778,-46.9,8.3,45.0,1.9
218,11786,-47.0,8.3,45.0,2.0
218,11793,-47.0,8.3,45.0,2.1
218,11800,-47.1,8.4,44.9,2.3
218,11806,-47.1,8.5,44.9,2.4
217,11814,-47.2,8.5,44.9,2.5
217,11823,-47.3,8.6,44.9,2.6
217,11830,-47.4,8.7,44.9,2.7
217,11836,-47.4,8.8,44.8,2.7
217,11844,-47.5,8.9,44.8,2.8
216,11849,-47.5,8.9,44.8,2.9
216,11854,-47.6,9.0,44.8,3.0
216,11860,-47.6,9.1,44.7,3.0
216,11864,-47.7,9.2,44.7,3.0
215,11873,-47.8,9.2,44.7,3.0
215,11882,-47.8,9.2,44.7,3.0
215,11892,-47.9,9.2,44.6,3.0
215,11902,-48.0,9.3,44.6,3.0
214,11911,-48.1,9.3,44.6,3.0
214,11917,-48.2,9.4,44.6,3.0
214,11925,-48.2,9.4,44.5,3.0
214,11935,-48.3,9.5,44.5,3.0
213,11941,-48.4,9.5,44.5,3.0
213,11946,-48.5,9.6,44.5,2.9
213,11955,-48.6,9.6,44.5,2.9
213,11965,-48.6,9.7,44.5,2.8
212,11972,-48.7,9.7,44.5,2.8
212,11978,-48.8,9.7,44.5,2.7
212,11984,-48.8,9.8,44.5,2.6
212,11994,-48.9,9.9,44.6,2.6
211,12003,-49.0,10.0,44.6,2.5
211,12010,-49.1,10.2,44.6,2.4
211,12017,-49.1,10.3,44.6,2.3
211,12027,-49.2,10.3,44.6,2.3
210,12036,-49.3,10.4,44.6,2.2
210,12044,-49.4,10.4,44.7,2.0
210,12053,-49.5,10.4,44.7,1.9
209,12068,-49.6,10.4,44.7,1.8
209,12078,-49.7,10.4,44.7,1.7
209,12082,-49.7,10.3,44.7,1.6
209,12086,-49.8,10.3,44.6,1.5
208,12095,-49.8,10.2,44.6,1.3
208,12102,-49.9,10.1,44.6,1.2
208,12110,-49.9,10.0,44.5,1.1
208,12119,-50.0,9.9,44.5,0.9
207,12126,-50.0,9.9,44.4,0.9
207,12132,-50.0,10.0,44.4,0.7
207,12138,-50.1,10.0,44.3,0.6
207,12147,-50.1,10.1,44.2,0.5
206,12157,-50.1,10.2,44.2,0.5
206,12162,-50.2,10.3,44.1,0.4
206,12169,-50.3,10.4,44.0,0.4
206,12178,-50.3,10.6,44.0,0.3
205,12188,-50.4,10.7,43.9,0.3
205,12198,-50.5,10.8,43.8,0.3
205,12207,-50.5,11.0,43.8,0.3
205,12211,-50.5,11.1,43.7,0.3
205,12216,-50.6,11.3,43.6,0.4
204,12223,-50.6,11.5,43.6,0.4
204,12228,-50.7,11.6,43.5,0.5
204,12234,-50.7,11.8,43.5,0.5
204,12238,-50.7,11.9,43.4,0.6
204,12241,-50.8,12.1,43.4,0.6
204,12247,-50.8,12.3,43.4,0.7
203,12254,-50.9,12.5,43.3,0.8
203,12262,-50.9,12.8,43.3,0.8
203,12269,-51.0,13.0,43.3,0.8
203,12274,-51.1,13.1,43.3,0.8
203,12280,-51.1,13.3,43.3,0.8
202,12289,-51.2,13.5,43.3,0.8
202,12296,-51.2,13.6,43.3,0.8
202,12301,-51.3,13.7,43.3,0.8
202,12310,-51.4,13.9,43.4,0.8
201,12319,-51.5,14.0,43.4,0.7
201,12327,-51.5,14.2,43.4,0.5
201,12333,-51.6,14.3,43.5,0.5
201,12340,-51.7,14.5,43.5,0.3
201,12346,-51.7,14.6,43.5,0.2
200,12353,-51.8,14.8,43.6,-0.1
200,12360,-51.8,14.9,43.6,-0.2
200,12367,-51.9,14.9,43.7,-0.4
200,12374,-51.9,14.9,43.7,-0.6
199,12378,-52.0,14.9,43.7,-0.8
199,12383,-52.0,14.9,43.8,-1.0
199,12392,-52.0,14.8,43.8,-1.2
199,12401,-52.1,14.7,43.9,-1.5
199,12409,-52.1,14.6,43.9,-1.6
198,12416,-52.1,14.4,44.0,-1.8
198,12426,-52.2,14.2,44.1,-2.0
198,12434,-52.2,14.2,44.0,-2.2
198,12440,-52.3,14.2,44.1,-2.3
197,12444,-52.3,14.2,44.2,-2.5
197,12449,-52.3,14.3,44.3,-2.6
197,12456,-52.4,14.4,44.3,-2.6
197,12465,-52.5,14.6,44.4,-2.8
197,12472,-52.5,14.9,44.5,-2.8
196,12477,-52.6,15.1,44.6,-2.9
196,12483,-52.6,15.2,44.7,-3.0
196,12489,-52.7,15.2,44.8,-3.0
196,12496,-52.7,15.2,44.9,-3.0
196,12507,-52.8,15.2,45.0,-3.0
195,12517,-52.9,15.0,45.1,-3.0
195,12526,-53.0,14.8,45.2,-2.9
195,12536,-53.0,14.6,45.3,-2.9
195,12543,-53.1,14.4,45.4,-2.9
194,12550,-53.1,14.3,45.5,-2.9
194,12561,-53.2,14.1,45.5,-2.8
194,12571,-53.3,13.9,45.6,-2.8
194,12579,-53.4,13.8,45.7,-2.7
193,12585,-53.4,13.8,45.8,-2.7
193,12591,-53.5,13.9,45.8,-2.7
193,12596,-53.6,13.9,45.8,-2.6
193,12604,-53.6,13.9,45.9,-2.6
192,12612,-53.7,13.9,45.9,-2.6
192,12621,-53.8,13.9,45.9,-2.6
192,12628,-53.8,13.9,45.9,-2.6
192,12637,-53.9,13.9,45.9,-2.6
191,12644,-54.0,14.0,45.9,-2.6
191,12652,-54.0,14.0,45.9,-2.6
191,12659,-54.1,14.1,45.9,-2.6
191,12666,-54.1,14.1,45.9,-2.6
191,12672,-54.2,14.2,45.9,-2.6
190,12681,-54.3,14.2,45.8,-2.6
190,12689,-54.3,14.3,45.8,-2.6
190,12695,-54.4,14.4,45.7,-2.6
190,12702,-54.5,14.5,45.7,-2.6
189,12711,-54.5,14.6,45.6,-2.6
189,12722,-54.6,14.7,45.5,-2.6
189,12731,-54.7,14.8,45.5,-2.6
189,12739,-54.8,14.9,45.4,-2.5
188,12747,-54.8,14.9,45.3,-2.5
188,12754,-54.9,14.9,45.2,-2.5
188,12762,-54.9,14.9,45.1,-2.4
188,12766,-55.0,14.8,45.0,-2.4
188,12772,-55.0,14.6,44.9,-2.3
187,12784,-55.1,14.4,44.8,-2.2
187,12792,-55.1,14.3,44.8,-2.1
187,12800,-55.2,14.2,44.7,-2.0
187,12810,-55.3,14.2,44.6,-1.9
186,12818,-55.3,14.1,44.4,-1.8
186,12824,-55.4,13.9,44.3,-1.6
186,12830,-55.5,13.7,44.2,-1.5
186,12838,-55.5,13.4,44.1,-1.3
185,12849,-55.6,13.2,44.0,-1.2
185,12857,-55.6,12.9,43.9,-1.0
185,12867,-55.7,12.7,43.9,-0.8
185,12876,-55.7,12.5,43.8,-0.6
184,12883,-55.8,12.3,43.8,-0.4
184,12889,-55.8,12.1,43.7,-0.2
184,12896,-55.9,11.9,43.7,0.0
184,12906,-55.9,11.7,43.7,0.2
184,12914,-56.0,11.5,43.8,0.4
183,12923,-56.1,11.3,43.8,0.5
183,12931,-56.1,11.2,43.9,0.7
183,12939,-56.2,11.1,43.9,0.8
183,12945,-56.3,11.2,44.0,1.0
182,12950,-56.3,11.4,44.1,1.2
182,12956,-56.4,11.7,44.2,1.3
182,12962,-56.4,12.0,44.3,1.5
182,12968,-56.5,12.3,44.4,1.5
182,12977,-56.6,12.5,44.5,1.7
181,12989,-56.6,12.8,44.6,1.8
181,12998,-56.7,13.1,44.7,1.9
181,13004,-56.8,13.4,44.8,2.0
181,13012,-56.8,13.7,44.9,2.0
181,13020,-56.9,13.9,44.9,2.1
180,13030,-56.9,14.1,45.0,2.1
180,13037,-57.0,14.3,44.9,2.2
180,13044,-57.0,14.3,45.0,2.2
180,13051,-57.1,14.2,45.0,2.2
179,13058,-57.1,14.0,45.0,2.2
179,13065,-57.2,13.8,45.0,2.2
179,13074,-57.3,13.6,45.0,2.1
179,13088,-57.4,13.3,45.0,2.1
178,13098,-57.5,13.0,44.9,2.0
178,13106,-57.5,12.7,44.9,2.0
178,13113,-57.6,12.3,44.8,2.0
178,13122,-57.7,12.0,44.7,1.9
177,13134,-57.8,11.7,44.6,1.8
177,13144,-57.8,11.4,44.5,1.7
177,13154,-57.9,11.2,44.4,1.5
177,13163,-58.0,11.1,44.2,1.5
176,13172,-58.1,11.0,44.1,1.3
176,13181,-58.2,10.9,44.0,1.2
176,13190,-58.2,10.9,43.9,1.1
176,13195,-58.3,10.9,43.7,0.9
175,13201,-58.4,11.0,43.6,0.8
175,13208,-58.4,11.0,43.4,0.7
175,13216,-58.5,11.1,43.3,0.5
175,13225,-58.5,11.1,43.2,0.4
174,13235,-58.6,11.2,43.0,0.3
174,13244,-58.7,11.3,42.9,0.1
174,13251,-58.7,11.3,42.7,0.1
174,13259,-58.8,11.4,42.6,-0.1
174,13265,-58.8,11.5,42.5,-0.1
173,13270,-58.9,11.6,42.3,-0.2
173,13275,-58.9,11.7,42.2,-0.3
173,13281,-59.0,11.8,42.1,-0.3
173,13289,-59.1,11.9,42.0,-0.4
173,13299,-59.1,12.0,41.9,-0.4
172,13306,-59.2,12.2,41.8,-0.4
172,13314,-59.3,12.3,41.7,-0.4
172,13326,-59.4,12.4,41.6,-0.3
172,13339,-59.5,12.5,41.6,-0.3
171,13349,-59.6,12.6,41.5,-0.2
171,13357,-59.7,12.7,41.5,-0.1
171,13365,-59.7,12.8,41.5,-0.1
171,13375,-59.8,12.8,41.5,0.0
170,13386,-59.9,12.9,41.6,0.1
170,13393,-59.9,12.9,41.6,0.1
170,13400,-60.0,12.9,41.7,0.2
170,13409,-60.0,12.9,41.8,0.3
169,13420,-60.1,12.9,41.9,0.4
169,13430,-60.2,12.9,42.0,0.4
169,13439,-60.2,13.0,42.0,0.5
169,13446,-60.3,13.1,42.2,0.5
169,13453,-60.3,13.1,42.3,0.6
168,13460,-60.4,13.2,42.3,0.7
168,13463,-60.4,13.2,42.4,0.7
168,13467,-60.5,13.2,42.5,0.7
168,13476,-60.5,13.2,42.6,0.8
168,13482,-60.6,13.2,42.7,0.8
167,13491,-60.7,13.3,42.7,0.9
167,13499,-60.7,13.3,42.8,0.9
167,13507,-60.8,13.4,42.8,1.0
167,13515,-60.8,13.5,42.8,1.0
167,13521,-60.9,13.6,42.8,1.1
166,13527,-61.0,13.7,42.8,1.1
166,13533,-61.0,13.8,42.7,1.2
166,13542,-61.1,13.9,42.7,1.3
166,13553,-61.2,14.1,42.6,1.4
165,13564,-61.3,14.3,42.5,1.5
165,13576,-61.5,14.5,42.5,1.6
165,13589,-61.6,14.7,42.4,1.7
165,13598,-61.6,14.9,42.3,1.8
164,13606,-61.7,15.1,42.2,2.0
164,13614,-61.8,15.3,42.0,2.1
164,13626,-61.9,15.5,41.9,2.3
164,13635,-62.0,15.7,41.8,2.4
163,13643,-62.0,15.9,41.7,2.6
163,13650,-62.1,16.1,41.7,2.8
163,13660,-62.2,16.3,41.6,2.9
163,13671,-62.3,16.4,41.6,3.1
163,13678,-62.3,16.6,41.5,3.3
162,13685,-62.4,16.7,41.5,3.4
162,13694,-62.5,16.8,41.3,3.6
162,13703,-62.6,17.0,41.3,3.8
162,13712,-62.6,17.1,41.3,3.9
161,13720,-62.7,17.3,41.3,4.0
161,13728,-62.8,17.4,41.3,4.2
161,13736,-62.8,17.5,41.3,4.3
161,13742,-62.9,17.6,41.4,4.4
161,13748,-62.9,17.7,41.4,4.5
160,13755,-63.0,17.7,41.3,4.6
160,13761,-63.0,17.8,41.4,4.7
160,13769,-63.1,17.8,41.5,4.8
160,13779,-63.2,17.9,41.5,4.8
160,13789,-63.3,18.0,41.6,4.9
159,13799,-63.3,18.1,41.7,4.9
159,13811,-63.4,18.2,41.8,5.0
159,13821,-63.5,18.3,41.9,5.0
159,13828,-63.5,18.4,42.0,5.0
158,13835,-63.6,18.5,42.1,5.0
158,13840,-63.6,18.6,42.2,5.0
158,13846,-63.7,18.7,42.3,5.0
158,13853,-63.7,18.8,42.4,5.0
158,13863,-63.8,18.9,42.6,4.9
157,13875,-63.8,18.9,42.7,4.9
157,13883,-63.8,19.0,42.8,4.9
157,13890,-63.9,18.9,42.9,4.9
157,13897,-63.9,18.8,43.0,4.8
157,13903,-64.0,18.8,43.1,4.8
156,13910,-64.0,18.7,43.2,4.8
156,13921,-64.1,18.7,43.2,4.8
156,13935,-64.1,18.6,43.3,4.8
156,13945,-64.2,18.6,43.3,4.7
155,13953,-64.3,18.5,43.4,4.7
155,13960,-64.3,18.5,43.4,4.7
155,13969,-64.4,18.4,43.4,4.7
155,13983,-64.5,18.4,43.3,4.7
154,13995,-64.6,18.4,43.3,4.8
154,14003,-64.6,18.3,43.2,4.8
154,14010,-64.7,18.3,43.1,4.8
154,14021,-64.8,18.2,43.0,4.9
153,14031,-64.9,18.2,42.9,5.0
153,14039,-64.9,18.1,42.8,5.1
153,14046,-64.9,17.9,42.6,5.2
153,14056,-64.9,17.8,42.4,5.4
153,14066,-64.9,17.5,42.2,5.6
152,14075,-64.9,17.2,42.0,5.8
152,14083,-64.9,16.9,41.8,5.9
152,14092,-64.9,16.6,41.5,6.1
152,14103,-65.0,16.3,41.4,6.3
151,14117,-65.0,16.1,41.2,6.6
151,14134,-65.1,15.9,40.9,6.8
151,14144,-65.1,15.8,40.8,7.1
150,14151,-65.2,15.7,40.5,7.4
150,14160,-65.2,15.5,40.4,7.7
150,14167,-65.2,15.4,40.1,7.9
150,14176,-65.3,15.4,40.0,8.3
150,14181,-65.3,15.3,39.8,8.5
149,14189,-65.4,15.3,39.5,8.8
149,14202,-65.5,15.3,39.3,9.2
149,14215,-65.6,15.3,39.2,9.4
149,14227,-65.7,15.4,39.0,9.7
148,14235,-65.7,15.4,38.9,10.0
148,14242,-65.8,15.4,38.8,10.2
148,14251,-65.9,15.4,38.6,10.4
148,14261,-65.9,15.4,38.4,10.7
148,14269,-66.0,15.3,38.3,10.8
147,14277,-66.1,15.2,38.1,11.0
147,14286,-66.1,15.1,38.0,11.1
147,14295,-66.2,15.1,37.9,11.3
147,14302,-66.2,15.1,37.7,11.4
147,14307,-66.3,15.1,37.6,11.4
147,14311,-66.3,15.2,37.5,11.5
146,14314,-66.3,15.4,37.4,11.6
146,14319,-66.4,15.5,37.1,11.6
146,14326,-66.4,15.6,37.0,11.6
146,14335,-66.5,15.7,36.9,11.6
146,14345,-66.5,15.7,36.8,11.6
145,14356,-66.6,15.7,36.8,11.7
145,14367,-66.7,15.7,36.7,11.6
145,14375,-66.8,15.7,36.6,11.6
145,14385,-66.8,15.7,36.6,11.6
145,14397,-66.9,15.7,36.6,11.6
144,14406,-67.0,15.8,36.6,11.6
144,14411,-67.0,15.9,36.6,11.6
144,14418,-67.0,16.0,36.6,11.6
144,14425,-67.1,16.2,36.7,11.7
144,14433,-67.2,16.4,36.8,11.7
143,14440,-67.2,16.6,36.9,11.8
143,14447,-67.3,16.7,37.0,11.8
143,14453,-67.3,16.9,37.1,11.9
143,14460,-67.4,17.0,37.3,12.0
143,14467,-67.5,17.0,37.5,12.0
142,14473,-67.6,17.0,37.7,12.2
142,14482,-67.7,17.0,37.9,12.2
142,14495,-67.8,17.1,38.0,12.4
142,14510,-67.9,17.1,38.3,12.5
142,14523,-68.0,17.1,38.5,12.5
141,14530,-68.0,17.2,38.8,12.6
141,14536,-68.1,17.3,39.0,12.7
141,14543,-68.1,17.4,39.3,12.8
141,14549,-68.2,17.6,39.4,12.9
141,14555,-68.3,17.8,39.6,13.0
141,14562,-68.3,17.9,39.9,13.0
140,14567,-68.4,18.0,40.1,13.1
140,14571,-68.4,18.1,40.2,13.1
140,14580,-68.5,18.2,40.4,13.2
140,14591,-68.6,18.2,40.5,13.2
139,14604,-68.7,18.3,40.6,13.2
139,14618,-68.9,18.3,40.7,13.2
139,14633,-69.0,18.4,40.8,13.2
139,14645,-69.1,18.6,40.9,13.2
139,14652,-69.1,18.7,40.9,13.1
138,14660,-69.2,18.9,41.0,13.1
138,14666,-69.2,19.0,41.0,13.0
138,14671,-69.3,19.1,40.9,12.9
138,14677,-69.3,19.2,40.8,12.8
138,14683,-69.4,19.2,40.9,12.7
137,14688,-69.5,19.3,40.8,12.6
137,14697,-69.5,19.3,40.7,12.4
137,14704,-69.6,19.3,40.6,12.3
137,14715,-69.7,19.3,40.5,12.1
137,14729,-69.8,19.3,40.4,12.0
136,14742,-69.9,19.3,40.3,11.8
136,14753,-70.0,19.3,40.2,11.6
136,14763,-70.1,19.4,40.1,11.4
136,14769,-70.2,19.4,39.9,11.3
136,14776,-70.3,19.5,39.9,11.1
135,14787,-70.3,19.7,39.7,10.9
135,14797,-70.4,19.8,39.6,10.8
135,14805,-70.5,19.9,39.6,10.7
135,14811,-70.5,20.0,39.5,10.6
135,14818,-70.6,20.1,39.4,10.4
135,14824,-70.6,20.1,39.4,10.3
134,14828,-70.6,20.2,39.3,10.2
134,14834,-70.6,20.1,39.3,10.1
134,14841,-70.6,20.1,39.3,10.0
134,14847,-70.6,20.0,39.4,10.0
134,14852,-70.6,19.8,39.4,9.9
134,14858,-70.7,19.7,39.4,9.8
133,14865,-70.8,19.5,39.4,9.7
133,14875,-70.8,19.3,39.4,9.6
133,14885,-70.9,19.1,39.6,9.6
133,14892,-71.0,18.9,39.6,9.5
133,14898,-71.0,18.7,39.6,9.4
133,14904,-71.0,18.5,39.7,9.3
132,14913,-71.0,18.2,39.7,9.2
132,14924,-71.1,18.0,39.9,9.1
132,14937,-71.1,17.8,39.9,9.0
132,14951,-71.1,17.7,39.9,8.9
131,14968,-71.2,17.7,40.0,8.7
131,14984,-71.3,17.7,40.0,8.5
131,14995,-71.3,17.7,40.1,8.3
131,15003,-71.3,17.8,40.1,8.1
130,15009,-71.3,17.8,40.0,7.9
130,15013,-71.3,17.9,40.1,7.6
130,15018,-71.3,17.9,40.0,7.3
130,15024,-71.4,17.8,40.0,7.1
130,15031,-71.4,17.7,39.9,6.8
130,15037,-71.3,17.5,39.9,6.4
130,15040,-71.4,17.3,39.7,6.0
129,15046,-71.4,17.0,39.7,5.7
129,15054,-71.4,16.7,39.5,5.3
129,15060,-71.5,16.3,39.4,4.9
129,15070,-71.5,16.0,39.3,4.6
129,15081,-71.5,15.6,39.2,4.2
129,15094,-71.5,15.4,39.0,3.8
128,15102,-71.4,15.1,38.8,3.5
128,15108,-71.4,14.9,38.7,3.1
128,15115,-71.4,14.8,38.5,2.8
128,15123,-71.4,14.7,38.3,2.4
128,15131,-71.4,14.6,38.1,2.1
127,15142,-71.4,14.5,38.1,1.9
127,15157,-71.5,14.4,37.9,1.6
127,15168,-71.5,14.3,37.7,1.3
127,15175,-71.5,14.2,37.5,1.1
127,15183,-71.5,14.1,37.4,1.0
126,15189,-71.5,14.0,37.3,0.8
126,15200,-71.5,14.0,37.1,0.6
126,15213,-71.5,13.9,37.0,0.6
126,15222,-71.5,13.9,36.9,0.5
126,15230,-71.5,13.9,36.7,0.4
125,15237,-71.5,14.0,36.6,0.4
125,15244,-71.5,14.0,36.5,0.4
125,15250,-71.6,14.1,36.4,0.4
125,15257,-71.7,14.1,36.3,0.4
125,15264,-71.7,14.1,36.2,0.5
125,15270,-71.8,14.1,36.2,0.6
124,15279,-71.8,14.1,36.1,0.6
124,15289,-71.9,14.1,36.0,0.7
124,15299,-72.0,14.1,35.9,0.8
124,15312,-72.1,14.1,35.9,0.9
124,15321,-72.2,14.2,35.8,1.0
124,15328,-72.2,14.3,35.8,1.1
123,15335,-72.3,14.4,35.7,1.2
123,15339,-72.3,14.6,35.7,1.2
123,15345,-72.4,14.8,35.7,1.4
123,15355,-72.4,15.0,35.6,1.4
123,15364,-72.5,15.2,35.6,1.6
123,15374,-72.6,15.4,35.6,1.6
122,15380,-72.6,15.6,35.6,1.7
122,15388,-72.7,15.8,35.6,1.8
122,15400,-72.7,16.0,35.6,1.9
122,15414,-72.8,16.3,35.5,1.9
122,15422,-72.9,16.5,35.5,2.0
121,15430,-73.0,16.7,35.5,2.1
121,15437,-73.1,16.9,35.6,2.2
121,15442,-73.1,17.1,35.6,2.4
121,15447,-73.2,17.2,35.7,2.5
121,15453,-73.2,17.3,35.7,2.6
121,15460,-73.3,17.4,35.8,2.7
121,15468,-73.4,17.5,35.8,2.9
120,15477,-73.4,17.5,35.8,3.0
120,15488,-73.5,17.5,35.9,3.1
120,15498,-73.5,17.5,35.9,3.3
120,15510,-73.6,17.5,35.8,3.5
120,15520,-73.6,17.6,35.8,3.6
119,15530,-73.7,17.6,35.8,3.8
119,15539,-73.8,17.7,35.8,4.0
119,15547,-73.8,17.9,35.8,4.1
119,15551,-73.9,18.0,35.6,4.3
119,15557,-73.9,18.2,35.6,4.4
119,15562,-73.9,18.3,35.5,4.5
118,15570,-74.0,18.5,35.5,4.7
118,15578,-74.0,18.6,35.4,4.8
118,15583,-74.0,18.7,35.3,4.9
118,15587,-74.1,18.8,35.1,5.0
118,15597,-74.2,18.9,35.0,5.0
118,15611,-74.3,19.0,35.0,5.2
117,15623,-74.4,19.0,34.9,5.2
117,15632,-74.4,19.0,34.8,5.2
117,15643,-74.5,19.0,34.7,5.2
117,15654,-74.6,19.0,34.7,5.2
117,15662,-74.7,19.0,34.7,5.2
116,15668,-74.8,19.1,34.6,5.1
116,15677,-74.8,19.1,34.6,5.0
116,15687,-74.9,19.2,34.7,4.9
116,15699,-74.9,19.3,34.8,4.8
116,15717,-75.0,19.4,34.8,4.7
115,15733,-75.1,19.5,34.9,4.5
115,15748,-75.1,19.7,34.9,4.4
115,15758,-75.2,19.8,35.1,4.2
115,15769,-75.3,20.0,35.3,4.0
114,15784,-75.3,20.2,35.4,3.8
114,15796,-75.4,20.4,35.5,3.6
114,15805,-75.4,20.5,35.7,3.4
114,15813,-75.4,20.6,35.9,3.2
114,15821,-75.5,20.7,36.1,3.0
113,15825,-75.5,20.7,36.2,2.7
113,15832,-75.5,20.7,36.3,2.5
113,15838,-75.5,20.7,36.5,2.3
113,15843,-75.5,20.6,36.6,2.0
113,15850,-75.5,20.5,36.8,1.8
113,15855,-75.4,20.4,36.9,1.6
113,15862,-75.4,20.3,37.0,1.4
113,15869,-75.4,20.2,37.0,1.2
112,15874,-75.4,20.1,37.1,0.9
112,15883,-75.5,20.0,37.1,0.7
112,15890,-75.5,19.9,37.1,0.5
112,15897,-75.5,19.8,37.1,0.3
112,15904,-75.5,19.8,37.1,0.1
112,15912,-75.5,19.8,37.1,-0.1
112,15919,-75.6,19.7,37.0,-0.2
111,15926,-75.6,19.7,37.0,-0.4
111,15933,-75.7,19.7,36.9,-0.6
111,15939,-75.7,19.7,36.9,-0.7
111,15945,-75.7,19.7,36.8,-0.9
111,15951,-75.7,19.7,36.7,-1.0
111,15957,-75.8,19.8,36.6,-1.2
111,15963,-75.9,19.8,36.6,-1.3
111,15970,-75.9,19.8,36.5,-1.5
110,15977,-76.0,19.9,36.4,-1.7
110,15984,-76.0,20.0,36.4,-1.8
110,15994,-76.0,20.1,36.3,-1.9
110,16000,-76.1,20.2,36.2,-2.0
110,16007,-76.1,20.4,36.2,-2.2
110,16015,-76.2,20.5,36.1,-2.3
110,16021,-76.2,20.6,36.1,-2.4
110,16027,-76.2,20.7,36.1,-2.5
109,16033,-76.2,20.7,36.1,-2.6
109,16040,-76.2,20.8,36.1,-2.7
109,16046,-76.2,20.8,36.1,-2.8
109,16053,-76.2,20.8,36.1,-2.8
109,16059,-76.2,20.8,36.1,-2.8
109,16067,-76.3,20.8,36.1,-2.8
109,16072,-76.3,20.8,36.0,-2.9
108,16080,-76.4,20.8,36.0,-2.8
108,16089,-76.5,20.9,36.0,-2.8
108,16101,-76.6,20.9,35.9,-2.8
108,16116,-76.8,21.0,35.8,-2.8
108,16130,-76.9,21.1,35.7,-2.6
107,16142,-77.0,21.2,35.6,-2.6
107,16151,-77.0,21.3,35.5,-2.5
107,16156,-77.1,21.4,35.3,-2.3
107,16162,-77.1,21.5,35.1,-2.2
107,16168,-77.1,21.6,35.0,-2.1
107,16173,-77.2,21.8,34.8,-1.9
107,16179,-77.2,21.9,34.6,-1.8
106,16190,-77.2,22.1,34.4,-1.7
106,16202,-77.3,22.2,34.2,-1.6
106,16214,-77.3,22.4,34.0,-1.4
106,16223,-77.3,22.6,33.7,-1.3
106,16231,-77.3,22.7,33.5,-1.2
106,16238,-77.3,22.8,33.3,-1.0
105,16242,-77.3,22.9,33.1,-1.0
105,16249,-77.4,23.0,32.8,-0.9
105,16258,-77.5,23.0,32.6,-0.8
105,16263,-77.5,23.0,32.5,-0.7
105,16271,-77.6,23.1,32.3,-0.7
105,16280,-77.7,23.1,32.1,-0.7
105,16290,-77.7,23.1,32.0,-0.6
104,16304,-77.8,23.1,31.9,-0.6
104,16319,-77.8,23.1,31.8,-0.6
104,16333,-77.7,23.2,31.7,-0.6
104,16344,-77.7,23.3,31.7,-0.6
104,16352,-77.7,23.4,31.6,-0.6
103,16363,-77.7,23.5,31.6,-0.6
103,16369,-77.7,23.7,31.6,-0.6
103,16374,-77.7,23.9,31.6,-0.6
103,16381,-77.7,24.0,31.6,-0.6
103,16388,-77.8,24.1,31.5,-0.6
103,16393,-77.8,24.2,31.5,-0.6
103,16401,-77.9,24.3,31.5,-0.6
102,16410,-78.0,24.3,31.5,-0.7
102,16417,-78.0,24.2,31.5,-0.7
102,16427,-78.1,24.2,31.4,-0.6
102,16437,-78.1,24.1,31.3,-0.6
102,16451,-78.1,23.9,31.3,-0.6
101,16466,-78.0,23.8,31.2,-0.6
101,16484,-77.9,23.7,31.1,-0.6
101,16497,-77.7,23.6,30.9,-0.6
101,16507,-77.7,23.5,30.8,-0.6
101,16514,-77.7,23.4,30.6,-0.6
101,16519,-77.7,23.3,30.4,-0.6
100,16524,-77.8,23.3,30.2,-0.6
100,16527,-77.9,23.2,30.0,-0.6
100,16531,-77.9,23.1,29.8,-0.6
100,16538,-77.9,23.0,29.6,-0.6
100,16546,-78.0,22.9,29.3,-0.5
100,16554,-78.0,22.7,29.1,-0.5
100,16557,-78.0,22.6,28.9,-0.5
100,16565,-78.0,22.4,28.6,-0.4
99,16575,-78.1,22.2,28.4,-0.4
99,16585,-78.1,22.0,28.2,-0.3
99,16599,-78.1,21.8,28.0,-0.3
99,16613,-78.1,21.6,27.8,-0.2
99,16623,-78.1,21.4,27.6,-0.1
99,16630,-78.0,21.2,27.4,-0.1
99,16635,-78.0,21.0,27.2,0.0
98,16640,-78.0,20.9,27.1,0.1
98,16645,-77.9,20.7,27.0,0.3
98,16653,-77.8,20.5,26.9,0.4
98,16661,-77.8,20.3,26.8,0.6
98,16667,-77.7,20.1,26.7,0.7
98,16673,-77.7,19.9,26.7,0.9
98,16683,-77.7,19.7,26.7,1.1
97,16700,-77.6,19.4,26.6,1.3
97,16715,-77.4,19.1,26.6,1.4
97,16729,-77.2,18.8,26.7,1.6
97,16737,-77.1,18.5,26.6,1.8
97,16745,-77.0,18.3,26.6,2.0
97,16748,-77.0,18.0,26.7,2.2
96,16753,-77.0,17.8,26.7,2.4
96,16759,-77.0,17.6,26.8,2.7
96,16763,-77.0,17.5,26.7,2.9
96,16770,-77.0,17.4,26.8,3.1
96,16779,-77.0,17.2,26.9,3.3
96,16784,-76.9,17.2,26.9,3.4
96,16792,-76.9,17.1,27.0,3.6
96,16798,-76.9,17.0,26.9,3.8
96,16803,-76.9,17.0,27.0,4.0
95,16811,-77.0,16.9,27.0,4.2
95,16818,-77.0,16.9,27.0,4.4
95,16823,-77.1,16.8,27.0,4.6
95,16833,-77.1,16.7,27.1,4.8
95,16844,-77.2,16.7,27.0,5.0
95,16856,-77.3,16.6,27.0,5.2
95,16865,-77.4,16.6,27.0,5.3
95,16872,-77.4,16.5,26.9,5.5
94,16880,-77.4,16.5,26.9,5.7
94,16885,-77.5,16.4,26.9,5.9
94,16889,-77.5,16.4,26.8,6.0
94,16897,-77.5,16.3,26.8,6.2
94,16906,-77.4,16.3,26.7,6.4
94,16913,-77.4,16.2,26.7,6.6
94,16921,-77.3,16.1,26.6,6.8
94,16931,-77.3,16.1,26.6,6.9
93,16939,-77.3,16.0,26.6,7.1
93,16946,-77.2,15.9,26.5,7.3
93,16955,-77.2,15.7,26.5,7.4
93,16964,-77.2,15.6,26.4,7.6
93,16968,-77.1,15.5,26.4,7.7
93,16974,-77.1,15.4,26.4,7.9
93,16984,-77.0,15.3,26.3,7.9
92,16993,-77.0,15.3,26.3,8.1
92,17003,-77.1,15.2,26.3,8.2
92,17017,-77.1,15.2,26.3,8.3
92,17033,-77.2,15.3,26.3,8.3
92,17045,-77.3,15.3,26.3,8.4
92,17051,-77.4,15.5,26.4,8.5
92,17058,-77.4,15.6,26.4,8.5
91,17065,-77.5,15.8,26.3,8.6
91,17072,-77.6,16.0,26.4,8.6
91,17080,-77.6,16.1,26.4,8.6
91,17085,-77.7,16.3,26.4,8.6
91,17091,-77.7,16.4,26.5,8.6
91,17096,-77.8,16.6,26.5,8.6
91,17102,-77.8,16.6,26.5,8.6
91,17107,-77.9,16.7,26.6,8.6
91,17113,-78.0,16.8,26.6,8.6
90,17120,-78.0,16.8,26.6,8.6
90,17127,-78.1,16.9,26.6,8.6
90,17133,-78.2,16.9,26.8,8.6
90,17138,-78.2,17.0,26.8,8.6
90,17144,-78.3,17.0,26.8,8.6
90,17152,-78.3,17.1,26.8,8.6
90,17159,-78.4,17.1,26.7,8.6
90,17166,-78.5,17.2,26.7,8.6
90,17172,-78.5,17.3,26.7,8.7
90,17177,-78.6,17.4,26.7,8.7
89,17186,-78.7,17.5,26.7,8.7
89,17195,-78.7,17.6,26.8,8.8
89,17201,-78.8,17.7,26.8,8.8
89,17210,-78.9,17.8,26.8,8.9
89,17217,-78.9,17.9,26.8,8.9
89,17220,-79.0,18.0,26.8,8.9
89,17226,-79.0,18.0,26.9,8.9
89,17233,-79.0,18.0,26.9,8.9
89,17238,-79.1,18.1,26.9,8.9
89,17244,-79.1,18.1,27.0,8.9
88,17251,-79.2,18.1,27.0,8.9
88,17259,-79.3,18.0,27.0,8.8
88,17264,-79.3,18.0,27.1,8.8
88,17271,-79.4,18.0,27.2,8.6
88,17276,-79.5,18.0,27.2,8.5
88,17284,-79.5,18.0,27.4,8.4
88,17291,-79.6,18.0,27.4,8.2
88,17296,-79.6,17.9,27.5,8.0
88,17301,-79.6,17.9,27.6,7.8
88,17309,-79.6,17.8,27.7,7.6
87,17315,-79.7,17.8,27.8,7.3
87,17318,-79.7,17.7,27.8,7.0
87,17325,-79.8,17.6,27.9,6.7
87,17334,-79.9,17.4,28.0,6.4
87,17340,-79.9,17.3,28.1,6.1
87,17349,-79.9,17.1,28.2,5.7
87,17359,-79.9,16.9,28.3,5.4
87,17373,-79.9,16.7,28.4,5.1
86,17388,-79.8,16.5,28.4,4.7
86,17401,-79.7,16.3,28.5,4.3
86,17412,-79.6,16.2,28.5,4.0
86,17420,-79.4,16.0,28.7,3.7
86,17424,-79.3,15.9,28.7,3.3
86,17428,-79.1,15.8,28.7,3.0
86,17433,-79.0,15.7,28.8,2.7
86,17439,-78.9,15.6,28.8,2.4
85,17444,-78.7,15.5,28.9,2.2
85,17449,-78.6,15.4,28.9,1.9
85,17456,-78.5,15.3,28.9,1.7
85,17460,-78.4,15.2,29.0,1.5
85,17465,-78.3,15.1,29.1,1.3
85,17471,-78.3,15.0,29.1,1.2
85,17478,-78.2,14.8,29.1,1.0
85,17484,-78.1,14.6,29.1,0.9
85,17492,-78.1,14.5,29.2,0.8
85,17494,-78.1,14.3,29.2,0.7
85,17499,-78.0,14.1,29.2,0.7
85,17505,-78.0,13.9,29.2,0.6
84,17512,-77.9,13.8,29.2,0.6
84,17518,-77.8,13.6,29.2,0.6
84,17523,-77.7,13.5,29.2,0.6
84,17528,-77.6,13.4,29.2,0.6
84,17535,-77.5,13.3,29.1,0.7
84,17541,-77.4,13.2,29.1,0.7
84,17545,-77.3,13.1,29.0,0.8
84,17551,-77.3,13.0,28.9,0.8
84,17559,-77.2,13.0,28.9,0.9
84,17567,-77.1,12.9,28.8,1.0
84,17572,-77.0,12.8,28.7,1.1
84,17578,-77.0,12.7,28.6,1.1
83,17583,-77.0,12.7,28.5,1.2
83,17589,-77.0,12.6,28.3,1.3
83,17596,-77.0,12.5,28.2,1.4
83,17601,-77.0,12.4,28.1,1.6
83,17607,-77.0,12.3,27.9,1.7
83,17616,-77.0,12.1,27.7,1.8
83,17624,-76.9,12.0,27.5,1.9
83,17629,-76.9,11.9,27.4,2.1
83,17638,-76.8,11.8,27.2,2.1
83,17646,-76.7,11.7,27.1,2.3
82,17653,-76.6,11.6,27.0,2.4
82,17659,-76.5,11.6,26.8,2.5
82,17666,-76.5,11.5,26.7,2.6
82,17672,-76.4,11.4,26.6,2.7
82,17676,-76.4,11.3,26.5,2.8
82,17682,-76.3,11.2,26.3,2.9
82,17689,-76.3,11.1,26.2,2.9
82,17694,-76.3,11.0,26.1,3.0
82,17700,-76.2,10.9,26.0,3.1
82,17707,-76.2,10.7,25.9,3.1
82,17712,-76.1,10.6,25.9,3.1
81,17716,-75.9,10.5,25.8,3.1
81,17725,-75.7,10.4,25.8,3.1
81,17735,-75.5,10.3,25.7,3.1
81,17741,-75.4,10.2,25.7,3.0
81,17749,-75.3,10.1,25.7,2.9
81,17756,-75.3,10.0,25.6,2.8
81,17761,-75.3,10.0,25.7,2.7
81,17768,-75.3,9.9,25.7,2.7
81,17776,-75.3,9.9,25.7,2.5
81,17783,-75.3,9.8,25.7,2.4
81,17788,-75.3,9.8,25.7,2.2
80,17794,-75.3,9.8,25.7,2.1
80,17801,-75.4,9.7,25.6,1.9
80,17808,-75.4,9.7,25.6,1.7
80,17816,-75.4,9.7,25.7,1.5
80,17824,-75.4,9.6,25.7,1.3
80,17831,-75.3,9.6,25.7,1.2
80,17837,-75.3,9.5,25.6,1.0
80,17844,-75.2,9.5,25.6,0.8
80,17852,-75.2,9.4,25.6,0.6
80,17859,-75.1,9.4,25.5,0.4
79,17865,-75.1,9.3,25.5,0.3
79,17871,-75.0,9.3,25.4,0.1
79,17877,-75.0,9.2,25.4,0.0
79,17884,-75.0,9.2,25.3,-0.2
79,17890,-74.9,9.1,25.2,-0.3
79,17896,-74.9,9.0,25.2,-0.4
79,17904,-74.8,8.9,25.1,-0.5
79,17911,-74.8,8.9,25.0,-0.6
79,17920,-74.7,8.8,25.0,-0.7
79,17926,-74.6,8.7,24.9,-0.8
79,17932,-74.5,8.6,24.8,-0.8
78,17939,-74.4,8.5,24.7,-0.9
78,17946,-74.3,8.4,24.6,-0.9
78,17952,-74.2,8.4,24.5,-0.9
78,17957,-74.1,8.3,24.4,-0.9
78,17966,-74.1,8.2,24.3,-0.9
78,17974,-74.0,8.2,24.2,-0.8
78,17980,-74.0,8.1,24.1,-0.8
78,17990,-73.9,8.1,23.9,-0.8
78,18000,-73.9,8.1,23.8,-0.8
78,18011,-73.9,8.1,23.7,-0.7
77,18018,-73.9,8.1,23.5,-0.7
77,18026,-73.9,8.1,23.4,-0.6
77,18033,-73.9,8.1,23.2,-0.6
77,18042,-74.0,8.1,23.1,-0.5
77,18051,-74.0,8.1,22.9,-0.4
77,18059,-74.1,8.1,22.7,-0.4
77,18065,-74.1,8.1,22.5,-0.3
77,18071,-74.1,8.1,22.3,-0.3
77,18078,-74.1,8.1,22.1,-0.2
76,18087,-74.2,8.1,22.0,-0.1
76,18094,-74.2,8.1,21.8,0.0
76,18104,-74.2,8.0,21.6,0.0
76,18114,-74.2,8.0,21.4,0.1
76,18122,-74.1,8.0,21.2,0.1
76,18130,-74.1,7.9,21.0,0.2
76,18139,-74.1,7.9,20.9,0.3
76,18150,-74.1,7.9,20.7,0.4
76,18161,-74.0,7.8,20.5,0.5
75,18172,-74.0,7.8,20.4,0.6
75,18179,-74.0,7.8,20.3,0.6
75,18185,-74.1,7.7,20.1,0.7
75,18191,-74.1,7.7,20.0,0.8
75,18200,-74.1,7.6,19.9,0.9
75,18206,-74.1,7.6,19.8,1.0
75,18212,-74.1,7.5,19.7,1.1
75,18221,-74.1,7.4,19.6,1.2
75,18227,-74.0,7.3,19.5,1.3
75,18233,-74.1,7.2,19.4,1.5
74,18240,-74.1,7.1,19.3,1.6
74,18251,-74.1,7.0,19.3,1.7
74,18260,-74.1,6.9,19.2,1.8
74,18267,-74.2,6.8,19.2,2.0
74,18277,-74.1,6.7,19.1,2.1
74,18288,-74.1,6.6,19.1,2.2
74,18299,-73.9,6.5,19.1,2.4
74,18309,-73.7,6.4,18.9,2.5
74,18315,-73.4,6.3,18.9,2.6
73,18321,-73.1,6.2,18.9,2.8
73,18331,-72.9,6.1,18.9,2.9
73,18341,-72.8,6.0,18.9,3.1
73,18349,-72.7,5.9,18.7,3.2
73,18354,-72.7,5.8,18.7,3.3
73,18362,-72.7,5.7,18.7,3.5
73,18371,-72.7,5.6,18.7,3.6
73,18379,-72.7,5.5,18.6,3.8
73,18386,-72.7,5.4,18.6,3.9
73,18393,-72.7,5.3,18.6,4.0
73,18400,-72.6,5.2,18.5,4.2
72,18405,-72.5,5.1,18.5,4.3
72,18411,-72.3,5.0,18.6,4.5
72,18419,-72.0,4.9,18.5,4.6
72,18426,-71.7,4.9,18.5,4.7
72,18432,-71.3,4.8,18.5,4.8
72,18440,-71.0,4.7,18.5,4.9
72,18449,-70.8,4.6,18.5,5.0
72,18456,-70.6,4.6,18.5,5.1
72,18463,-70.4,4.5,18.5,5.2
72,18471,-70.2,4.4,18.5,5.2
72,18480,-70.1,4.4,18.6,5.3
71,18487,-70.1,4.3,18.5,5.4
71,18494,-70.0,4.3,18.5,5.4
71,18500,-70.0,4.3,18.5,5.4
71,18508,-70.0,4.2,18.6,5.5
71,18516,-70.0,4.2,18.6,5.4
71,18522,-70.0,4.2,18.6,5.4
71,18526,-70.0,4.2,18.6,5.4
71,18535,-70.0,4.2,18.6,5.3
71,18541,-70.0,4.1,18.7,5.2
71,18546,-70.0,4.1,18.7,5.2
71,18553,-70.0,4.1,18.7,5.1
71,18560,-70.0,4.0,18.8,4.9
70,18565,-69.9,4.0,18.7,4.8
70,18570,-69.9,4.0,18.8,4.6
70,18581,-69.9,3.9,18.8,4.4
70,18588,-69.9,3.9,18.8,4.2
70,18595,-69.9,3.9,18.8,4.0
70,18603,-69.9,3.8,18.8,3.7
70,18611,-69.9,3.8,18.9,3.5
70,18618,-69.9,3.7,18.8,3.2
70,18626,-69.8,3.7,18.9,2.9
70,18631,-69.8,3.6,18.8,2.6
70,18638,-69.7,3.6,18.9,2.2
70,18645,-69.5,3.5,18.9,1.9
69,18652,-69.4,3.5,18.8,1.6
69,18659,-69.2,3.4,18.9,1.3
69,18666,-69.1,3.4,18.8,0.9
69,18672,-68.9,3.3,18.7,0.6
69,18680,-68.8,3.3,18.7,0.2
69,18690,-68.6,3.3,18.6,-0.1
69,18698,-68.5,3.2,18.6,-0.5
69,18705,-68.3,3.2,18.5,-0.8
69,18711,-68.2,3.1,18.4,-1.1
69,18720,-68.2,3.1,18.3,-1.4
69,18730,-68.1,3.1,18.2,-1.7
68,18739,-68.0,3.0,18.1,-2.0
68,18748,-67.9,3.0,18.0,-2.2
68,18754,-67.9,3.0,17.9,-2.5
68,18760,-67.8,3.0,17.8,-2.8
68,18767,-67.8,3.0,17.6,-3.0
68,18773,-67.8,3.0,17.5,-3.2
68,18779,-67.8,3.0,17.4,-3.4
68,18789,-67.8,3.0,17.2,-3.6
68,18797,-67.7,3.0,17.1,-3.8
68,18801,-67.7,3.0,17.0,-3.9
68,18809,-67.7,3.0,16.7,-4.0
68,18818,-67.7,3.0,16.6,-4.2
68,18824,-67.7,3.0,16.5,-4.3
67,18832,-67.7,3.0,16.3,-4.4
67,18840,-67.7,3.0,16.2,-4.5
67,18848,-67.7,3.0,16.1,-4.5
67,18854,-67.7,3.0,15.9,-4.6
67,18862,-67.7,3.0,15.7,-4.6
67,18867,-67.7,3.0,15.6,-4.7
67,18874,-67.7,3.0,15.5,-4.7
67,18882,-67.6,3.0,15.4,-4.8
67,18888,-67.6,3.0,15.2,-4.8
67,18895,-67.6,3.0,15.1,-4.8
67,18905,-67.6,3.0,14.9,-4.8
67,18912,-67.6,3.0,14.8,-4.8
66,18918,-67.6,3.0,14.7,-4.8
66,18925,-67.7,3.0,14.6,-4.9
66,18933,-67.7,3.0,14.5,-4.9
66,18941,-67.8,3.1,14.4,-4.9
66,18949,-67.8,3.1,14.3,-4.9
66,18956,-67.9,3.1,14.2,-4.9
66,18961,-67.9,3.1,14.1,-4.9
66,18966,-67.9,3.1,14.0,-4.9
66,18972,-68.0,3.1,13.9,-4.9
66,18981,-68.0,3.1,13.9,-4.9
66,18988,-68.0,3.2,13.8,-4.9
66,18994,-68.0,3.2,13.7,-4.9
66,19002,-68.0,3.2,13.5,-4.9
65,19009,-68.0,3.2,13.4,-4.9
65,19016,-67.9,3.2,13.4,-4.8
65,19021,-67.9,3.2,13.2,-4.8
65,19028,-67.9,3.2,13.1,-4.8
65,19037,-67.9,3.2,13.1,-4.8
65,19044,-67.9,3.1,13.1,-4.8
65,19049,-67.9,3.1,13.0,-4.7
65,19057,-67.9,3.1,12.9,-4.7
65,19065,-67.9,3.1,12.8,-4.7
65,19071,-67.8,3.1,12.6,-4.6
65,19079,-67.8,3.1,12.5,-4.5
65,19086,-67.7,3.1,12.4,-4.5
65,19094,-67.7,3.1,12.3,-4.5
64,19101,-67.6,3.1,12.2,-4.4
64,19107,-67.5,3.1,12.1,-4.3
64,19114,-67.5,3.1,12.1,-4.3
64,19122,-67.5,3.1,12.0,-4.3
64,19129,-67.5,3.1,11.9,-4.2
64,19133,-67.5,3.1,11.8,-4.1
64,19139,-67.5,3.1,11.7,-4.1
64,19147,-67.4,3.1,11.6,-4.0
64,19155,-67.4,3.1,11.6,-4.0
64,19160,-67.4,3.0,11.5,-3.9
64,19168,-67.3,3.0,11.5,-3.9
64,19177,-67.3,3.0,11.5,-3.8
64,19185,-67.2,3.0,11.5,-3.8
64,19192,-67.2,3.0,11.4,-3.7
63,19195,-67.2,3.0,11.4,-3.7
63,19203,-67.2,3.0,11.4,-3.7
63,19210,-67.2,3.0,11.4,-3.7
63,19219,-67.2,3.0,11.4,-3.7
63,19224,-67.2,3.0,11.5,-3.7
63,19234,-67.3,3.0,11.5,-3.7
63,19241,-67.3,3.0,11.6,-3.8
63,19246,-67.3,3.0,11.7,-3.8
63,19253,-67.4,3.0,11.7,-3.8
63,19263,-67.4,3.0,11.8,-3.9
63,19272,-67.4,3.0,11.9,-3.9
63,19278,-67.5,3.0,12.0,-3.9
63,19286,-67.5,3.0,12.1,-4.0
62,19294,-67.5,3.0,12.2,-4.0
62,19300,-67.5,3.0,12.2,-4.1
62,19309,-67.5,3.0,12.3,-4.1
62,19316,-67.5,3.0,12.5,-4.2
62,19323,-67.5,3.0,12.6,-4.2
62,19332,-67.5,3.0,12.7,-4.3
62,19338,-67.5,3.0,12.9,-4.4
62,19345,-67.5,3.0,13.0,-4.4
62,19353,-67.5,3.0,13.2,-4.5
62,19359,-67.5,3.0,13.3,-4.5
62,19366,-67.5,3.0,13.3,-4.5
62,19375,-67.4,3.0,13.5,-4.6
62,19382,-67.4,3.0,13.6,-4.6
61,19390,-67.4,3.0,13.8,-4.7
61,19399,-67.3,3.0,13.9,-4.7
61,19407,-67.3,3.0,14.1,-4.8
61,19413,-67.3,3.0,14.2,-4.8
61,19420,-67.2,2.9,14.4,-4.9
61,19429,-67.2,2.9,14.5,-4.9
61,19436,-67.2,2.9,14.6,-4.9
61,19443,-67.1,2.9,14.8,-5.0
61,19451,-67.1,2.9,14.9,-5.1
61,19459,-67.1,2.9,14.9,-5.1
61,19467,-67.1,2.9,15.1,-5.2
61,19474,-67.1,2.9,15.2,-5.3
61,19480,-67.1,2.9,15.3,-5.4
60,19490,-67.1,2.8,15.3,-5.5
60,19496,-67.1,2.8,15.3,-5.6
60,19501,-67.1,2.8,15.4,-5.7
60,19509,-67.1,2.8,15.4,-5.8
60,19518,-67.0,2.8,15.4,-5.9
60,19525,-67.0,2.7,15.5,-6.1
60,19531,-66.9,2.7,15.4,-6.2
60,19539,-66.8,2.7,15.4,-6.3
60,19547,-66.7,2.7,15.4,-6.5
60,19554,-66.6,2.7,15.3,-6.6
60,19565,-66.5,2.6,15.3,-6.7
60,19573,-66.4,2.6,15.2,-6.9
60,19579,-66.3,2.6,15.1,-7.0
59,19586,-66.2,2.6,15.0,-7.1
59,19595,-66.1,2.6,14.9,-7.3
59,19602,-66.1,2.6,14.8,-7.4
59,19612,-66.0,2.6,14.7,-7.5
59,19621,-66.0,2.6,14.5,-7.6
59,19629,-66.1,2.6,14.5,-7.7
59,19635,-66.1,2.6,14.3,-7.8
59,19642,-66.1,2.6,14.2,-8.0
59,19649,-66.2,2.6,14.1,-8.0
59,19656,-66.2,2.6,13.9,-8.1
59,19664,-66.3,2.6,13.8,-8.2
59,19671,-66.3,2.6,13.7,-8.3
59,19678,-66.4,2.6,13.6,-8.3
59,19686,-66.4,2.6,13.4,-8.3
58,19693,-66.4,2.6,13.3,-8.4
58,19700,-66.4,2.6,13.1,-8.4
58,19705,-66.4,2.6,13.1,-8.5
58,19713,-66.4,2.7,13.0,-8.5
58,19720,-66.4,2.7,12.9,-8.5
58,19725,-66.4,2.7,12.8,-8.4
58,19736,-66.3,2.7,12.6,-8.4
58,19742,-66.3,2.7,12.5,-8.3
58,19748,-66.2,2.7,12.4,-8.3
58,19756,-66.2,2.7,12.3,-8.2
58,19762,-66.2,2.7,12.1,-8.1
58,19769,-66.2,2.7,12.1,-8.0
58,19777,-66.2,2.7,12.0,-8.0
58,19784,-66.2,2.7,11.8,-7.8
58,19791,-66.2,2.7,11.8,-7.7
57,19799,-66.3,2.7,11.6,-7.6
57,19808,-66.3,2.7,11.6,-7.5
57,19815,-66.3,2.7,11.5,-7.3
57,19822,-66.4,2.7,11.4,-7.2
57,19830,-66.4,2.7,11.4,-7.1
57,19837,-66.4,2.7,11.4,-6.9
57,19845,-66.5,2.7,11.3,-6.8
57,19852,-66.5,2.7,11.3,-6.6
57,19859,-66.5,2.7,11.3,-6.4
57,19867,-66.5,2.7,11.3,-6.3
57,19876,-66.5,2.8,11.4,-6.1
57,19880,-66.5,2.8,11.5,-5.9
57,19889,-66.4,2.8,11.5,-5.8
57,19897,-66.4,2.8,11.6,-5.6
56,19904,-66.4,2.8,11.7,-5.3
56,19913,-66.4,2.8,11.8,-5.1
56,19920,-66.4,2.8,12.0,-4.9
56,19928,-66.5,2.8,12.2,-4.7
56,19936,-66.5,2.8,12.4,-4.4
56,19944,-66.5,2.8,12.6,-4.2
56,19950,-66.5,2.9,12.9,-4.0
56,19958,-66.6,2.9,13.1,-3.7
56,19969,-66.7,2.9,13.3,-3.4
56,19983,-66.8,2.9,13.5,-3.2
56,19999,-66.8,2.9,13.8,-2.9
55,20014,-66.9,2.9,14.0,-2.6
55,20023,-67.0,2.9,14.2,-2.3
55,20034,-67.0,3.0,14.4,-2.0
55,20043,-67.0,3.0,14.6,-1.7
55,20050,-67.1,3.0,14.7,-1.5
55,20057,-67.1,3.0,14.9,-1.2
55,20065,-67.2,3.0,15.0,-0.9
55,20072,-67.3,3.0,15.1,-0.7
55,20082,-67.3,3.0,15.2,-0.5
55,20092,-67.4,3.0,15.2,-0.3
55,20100,-67.4,3.0,15.2,-0.1
55,20111,-67.5,3.0,15.2,0.0
54,20122,-67.5,3.0,15.2,0.1
54,20132,-67.5,3.0,15.2,0.2
54,20138,-67.5,3.0,15.1,0.3
54,20144,-67.5,2.9,15.0,0.3
54,20152,-67.5,2.9,14.9,0.3
54,20161,-67.5,2.9,14.8,0.3
54,20172,-67.4,2.9,14.7,0.2
54,20181,-67.2,2.9,14.6,0.1
54,20187,-67.1,2.8,14.5,0.0
54,20192,-66.9,2.8,14.4,-0.1
54,20200,-66.7,2.8,14.2,-0.3
54,20207,-66.6,2.8,14.1,-0.4
54,20216,-66.5,2.7,14.0,-0.6
54,20225,-66.5,2.7,13.9,-0.8
53,20230,-66.5,2.7,13.7,-1.0
53,20239,-66.5,2.7,13.5,-1.3
53,20246,-66.5,2.6,13.4,-1.5
53,20251,-66.5,2.6,13.3,-1.7
53,20260,-66.5,2.6,13.2,-1.9
53,20268,-66.5,2.6,13.0,-2.1
53,20275,-66.5,2.5,12.9,-2.3
53,20282,-66.5,2.5,12.8,-2.5
53,20290,-66.5,2.5,12.6,-2.7
53,20299,-66.5,2.5,12.4,-2.9
53,20308,-66.5,2.4,12.2,-3.0
53,20316,-66.4,2.4,12.1,-3.2
53,20322,-66.4,2.4,11.9,-3.3
53,20328,-66.3,2.3,11.6,-3.4
53,20335,-66.2,2.3,11.4,-3.4
52,20342,-66.1,2.3,11.3,-3.5
52,20351,-66.0,2.2,10.9,-3.6
52,20361,-65.9,2.2,10.7,-3.6
52,20369,-65.8,2.2,10.5,-3.7
52,20376,-65.6,2.1,10.2,-3.7
52,20383,-65.5,2.1,9.9,-3.7
52,20389,-65.4,2.0,9.7,-3.7
52,20400,-65.3,2.0,9.4,-3.7
52,20407,-65.2,2.0,9.2,-3.7
52,20413,-65.1,1.9,8.9,-3.7
52,20421,-64.9,1.9,8.7,-3.7
52,20431,-64.7,1.8,8.4,-3.6
52,20436,-64.6,1.8,8.1,-3.6
52,20443,-64.4,1.7,7.8,-3.5
52,20450,-64.2,1.7,7.6,-3.5
52,20457,-63.9,1.7,7.4,-3.5
51,20464,-63.7,1.6,7.2,-3.5
51,20473,-63.4,1.6,7.0,-3.5
51,20479,-63.1,1.6,6.9,-3.5
51,20486,-62.8,1.6,6.7,-3.5
51,20493,-62.6,1.5,6.5,-3.5
51,20501,-62.5,1.5,6.3,-3.4
51,20508,-62.4,1.5,6.2,-3.5
51,20514,-62.3,1.5,6.1,-3.5
51,20522,-62.3,1.5,6.0,-3.5
51,20529,-62.2,1.5,5.9,-3.5
51,20538,-62.2,1.5,5.8,-3.5
51,20543,-62.1,1.5,5.7,-3.6
51,20553,-62.1,1.5,5.6,-3.6
51,20562,-62.1,1.5,5.5,-3.6
51,20569,-62.1,1.5,5.4,-3.6
51,20577,-62.1,1.5,5.4,-3.7
50,20585,-62.1,1.5,5.2,-3.7
50,20591,-62.1,1.5,5.2,-3.7
50,20597,-62.1,1.6,5.1,-3.7
50,20606,-62.2,1.6,5.1,-3.8
50,20615,-62.2,1.6,4.9,-3.7
50,20623,-62.3,1.6,4.9,-3.8
50,20630,-62.4,1.6,4.8,-3.8
50,20637,-62.4,1.7,4.7,-3.7
50,20644,-62.5,1.7,4.7,-3.8
50,20650,-62.5,1.7,4.6,-3.7
50,20655,-62.6,1.7,4.6,-3.7
50,20663,-62.6,1.7,4.5,-3.7
50,20671,-62.7,1.8,4.4,-3.7
50,20678,-62.7,1.8,4.4,-3.7
50,20687,-62.8,1.8,4.3,-3.6
50,20695,-62.8,1.8,4.3,-3.6
50,20703,-62.9,1.8,4.2,-3.7
49,20711,-63.0,1.9,4.2,-3.6
49,20716,-63.0,1.9,4.1,-3.6
49,20725,-63.1,1.9,4.1,-3.6
49,20734,-63.2,1.9,4.1,-3.6
49,20742,-63.2,1.9,4.1,-3.7
49,20749,-63.3,1.9,4.1,-3.7
49,20758,-63.3,1.9,4.1,-3.7
49,20766,-63.4,1.9,4.1,-3.8
49,20772,-63.4,1.9,4.1,-3.8
49,20777,-63.5,1.9,4.1,-3.9
49,20785,-63.5,1.9,4.1,-3.9
49,20791,-63.5,1.9,4.2,-4.0
49,20795,-63.5,1.9,4.2,-4.1
49,20806,-63.4,1.9,4.2,-4.3
49,20814,-63.3,1.9,4.3,-4.4
49,20820,-63.3,1.9,4.2,-4.4
49,20828,-63.2,1.9,4.3,-4.5
48,20834,-63.2,1.9,4.3,-4.6
48,20841,-63.2,1.9,4.3,-4.7
48,20850,-63.2,1.9,4.3,-4.8
48,20857,-63.2,1.9,4.3,-4.9
48,20866,-63.2,1.9,4.3,-5.0
48,20876,-63.2,1.9,4.3,-5.0
48,20882,-63.2,1.9,4.3,-5.1
48,20892,-63.2,1.9,4.3,-5.1
48,20900,-63.2,1.9,4.4,-5.2
48,20907,-63.2,1.9,4.4,-5.2
48,20918,-63.2,1.9,4.3,-5.2
48,20926,-63.2,1.9,4.3,-5.2
48,20936,-63.3,1.9,4.4,-5.2
48,20945,-63.3,1.9,4.3,-5.1
48,20954,-63.3,1.9,4.3,-5.1
47,20964,-63.2,1.9,4.3,-5.1
47,20975,-63.2,1.9,4.3,-5.0
47,20985,-63.2,1.9,4.3,-5.0
47,20991,-63.3,1.9,4.3,-4.9
47,20999,-63.3,1.9,4.3,-4.7
47,21010,-63.4,1.9,4.3,-4.7
47,21018,-63.4,1.9,4.3,-4.6
47,21033,-63.4,1.9,4.3,-4.5
47,21040,-63.5,1.9,4.3,-4.4
47,21049,-63.5,1.9,4.3,-4.3
47,21057,-63.5,1.9,4.3,-4.2
47,21065,-63.5,1.9,4.3,-4.2
47,21075,-63.6,1.9,4.3,-4.1
47,21084,-63.6,1.9,4.3,-4.0
46,21093,-63.7,2.0,4.3,-3.9
46,21103,-63.8,2.0,4.3,-3.9
46,21112,-63.8,2.0,4.2,-3.8
46,21117,-63.9,2.0,4.2,-3.8
46,21130,-63.9,2.0,4.2,-3.8
46,21141,-64.0,2.0,4.1,-3.8
46,21150,-64.0,2.0,4.1,-3.8
46,21158,-64.0,2.0,4.1,-3.8
46,21168,-64.0,2.0,4.1,-3.8
46,21177,-63.9,2.0,4.1,-3.9
46,21188,-63.8,2.0,4.0,-3.9
46,21196,-63.8,2.0,4.0,-3.9
46,21206,-63.8,2.0,3.9,-4.0
46,21215,-63.7,2.0,3.9,-4.0
45,21222,-63.7,2.0,3.8,-4.1
45,21232,-63.7,1.9,3.8,-4.2
45,21243,-63.7,1.9,3.8,-4.3
45,21251,-63.7,1.9,3.7,-4.4
45,21265,-63.7,1.9,3.6,-4.4
45,21278,-63.7,1.9,3.5,-4.5
45,21289,-63.7,1.9,3.4,-4.5
45,21297,-63.7,1.9,3.3,-4.6
45,21305,-63.7,1.9,3.2,-4.6
45,21314,-63.8,1.9,3.1,-4.7
45,21321,-63.8,1.8,3.0,-4.7
45,21331,-63.9,1.8,2.8,-4.7
45,21342,-63.9,1.8,2.7,-4.8
45,21351,-64.0,1.8,2.5,-4.8
44,21363,-64.0,1.8,2.4,-4.8
44,21370,-64.0,1.7,2.2,-4.8
44,21378,-64.0,1.7,2.0,-4.8
44,21389,-64.0,1.7,1.8,-4.8
44,21396,-64.0,1.7,1.7,-4.8
44,21408,-63.8,1.6,1.5,-4.8
44,21419,-63.7,1.6,1.3,-4.7
44,21428,-63.5,1.6,1.1,-4.7
44,21438,-63.3,1.5,0.9,-4.6
44,21447,-63.1,1.5,0.7,-4.5
44,21451,-62.9,1.5,0.6,-4.5
44,21460,-62.7,1.5,0.4,-4.4
44,21470,-62.5,1.4,0.3,-4.3
44,21481,-62.2,1.4,0.1,-4.2
44,21493,-62.0,1.4,0.0,-4.1
43,21503,-61.8,1.4,-0.1,-4.0
43,21510,-61.7,1.4,-0.2,-3.9
43,21520,-61.5,1.4,-0.2,-3.8
43,21528,-61.5,1.4,-0.3,-3.7
43,21542,-61.5,1.3,-0.3,-3.6
43,21552,-61.5,1.3,-0.3,-3.4
43,21562,-61.5,1.3,-0.4,-3.3
43,21574,-61.6,1.3,-0.4,-3.2
43,21583,-61.7,1.3,-0.4,-3.0
43,21590,-61.7,1.3,-0.3,-2.9
43,21598,-61.7,1.3,-0.3,-2.8
43,21609,-61.7,1.3,-0.3,-2.6
43,21617,-61.7,1.3,-0.3,-2.5
43,21628,-61.6,1.3,-0.3,-2.4
43,21638,-61.6,1.3,-0.2,-2.2
42,21646,-61.6,1.3,-0.2,-2.1
42,21656,-61.6,1.3,-0.2,-2.0
42,21666,-61.6,1.4,-0.2,-1.9
42,21674,-61.6,1.4,-0.2,-1.7
42,21681,-61.6,1.4,-0.2,-1.6
42,21692,-61.5,1.3,-0.2,-1.5
42,21701,-61.4,1.3,-0.3,-1.5
42,21712,-61.3,1.3,-0.3,-1.4
42,21721,-61.2,1.3,-0.4,-1.3
42,21729,-61.1,1.3,-0.4,-1.2
42,21738,-61.0,1.3,-0.5,-1.1
42,21747,-60.9,1.3,-0.5,-1.1
42,21754,-60.9,1.3,-0.6,-1.0
42,21762,-60.9,1.3,-0.7,-1.0
42,21770,-60.8,1.3,-0.7,-1.0
42,21779,-60.8,1.3,-0.8,-1.0
42,21785,-60.8,1.3,-0.9,-1.0
41,21796,-60.7,1.3,-1.0,-1.0
41,21805,-60.7,1.3,-1.0,-1.0
41,21814,-60.6,1.3,-1.1,-1.0
41,21824,-60.5,1.3,-1.1,-1.0
41,21831,-60.4,1.3,-1.1,-1.0
41,21838,-60.3,1.2,-1.2,-1.0
41,21848,-60.2,1.2,-1.2,-1.0
41,21861,-60.1,1.2,-1.2,-1.0
41,21870,-60.1,1.2,-1.2,-1.0
41,21878,-60.0,1.2,-1.3,-1.1
41,21888,-60.0,1.2,-1.2,-1.0
41,21894,-60.0,1.2,-1.2,-1.0
41,21906,-60.0,1.2,-1.2,-1.1
41,21917,-60.1,1.2,-1.2,-1.1
41,21922,-60.1,1.2,-1.1,-1.0
41,21933,-60.2,1.2,-1.0,-1.0
41,21941,-60.2,1.2,-1.0,-1.0
40,21950,-60.2,1.2,-0.9,-0.9
40,21959,-60.1,1.2,-0.8,-0.9
40,21969,-60.1,1.2,-0.7,-0.8
40,21975,-60.1,1.2,-0.7,-0.7
40,21986,-60.0,1.2,-0.6,-0.7
40,21995,-59.9,1.2,-0.5,-0.6
40,22005,-59.8,1.2,-0.4,-0.6
40,22014,-59.7,1.2,-0.3,-0.5
40,22023,-59.5,1.2,-0.2,-0.3
40,22030,-59.4,1.2,-0.1,-0.3
40,22038,-59.3,1.2,0.0,-0.2
40,22047,-59.2,1.2,0.0,-0.1
40,22054,-59.1,1.2,0.1,-0.1
40,22065,-59.1,1.2,0.1,0.0
40,22075,-59.1,1.2,0.2,0.1
40,22081,-59.2,1.2,0.3,0.1
40,22093,-59.2,1.2,0.2,0.2
40,22098,-59.1,1.3,0.2,0.3
